state_name,state_code,year,month,population
República Mexicana,0,1950,1,26649792
República Mexicana,0,1950,2,26712588.833333332
República Mexicana,0,1950,3,26775385.666666668
República Mexicana,0,1950,4,26838182.5
República Mexicana,0,1950,5,26900979.333333332
República Mexicana,0,1950,6,26963776.166666668
República Mexicana,0,1950,7,27026573
República Mexicana,0,1950,8,27089226.782407407
República Mexicana,0,1950,9,27151646.48148148
República Mexicana,0,1950,10,27213910.125
República Mexicana,0,1950,11,27276095.74074074
República Mexicana,0,1950,12,27338281.356481485
República Mexicana,0,1951,1,27400545
República Mexicana,0,1951,2,27462964.699074075
República Mexicana,0,1951,3,27525618.48148148
República Mexicana,0,1951,4,27588584.375
República Mexicana,0,1951,5,27651940.407407407
República Mexicana,0,1951,6,27715764.60648148
República Mexicana,0,1951,7,27780135
República Mexicana,0,1951,8,27844970.40972222
República Mexicana,0,1951,9,27910134.055555556
República Mexicana,0,1951,10,27975620.5625
República Mexicana,0,1951,11,28041424.555555552
República Mexicana,0,1951,12,28107540.65972222
República Mexicana,0,1952,1,28173963.5
República Mexicana,0,1952,2,28240687.70138889
República Mexicana,0,1952,3,28307707.888888888
República Mexicana,0,1952,4,28375018.6875
República Mexicana,0,1952,5,28442614.722222224
República Mexicana,0,1952,6,28510490.618055556
República Mexicana,0,1952,7,28578641
República Mexicana,0,1952,8,28647038.145833336
República Mexicana,0,1952,9,28715670.27777778
República Mexicana,0,1952,10,28784555.9375
República Mexicana,0,1952,11,28853713.666666664
República Mexicana,0,1952,12,28923162.006944448
República Mexicana,0,1953,1,28992919.5
República Mexicana,0,1953,2,29063004.687500004
República Mexicana,0,1953,3,29133436.111111112
República Mexicana,0,1953,4,29204232.3125
República Mexicana,0,1953,5,29275411.833333336
República Mexicana,0,1953,6,29346993.215277776
República Mexicana,0,1953,7,29418995
República Mexicana,0,1953,8,29491346.701678235
República Mexicana,0,1953,9,29563983.23842592
República Mexicana,0,1953,10,29636931.2578125
República Mexicana,0,1953,11,29710217.407407403
República Mexicana,0,1953,12,29783868.334780093
República Mexicana,0,1954,1,29857910.6875
República Mexicana,0,1954,2,29932371.113136575
República Mexicana,0,1954,3,30007276.259259257
República Mexicana,0,1954,4,30082652.7734375
República Mexicana,0,1954,5,30158527.30324074
República Mexicana,0,1954,6,30234926.496238425
República Mexicana,0,1954,7,30311877
República Mexicana,0,1954,8,30389410.72743056
República Mexicana,0,1954,9,30467518.916666668
República Mexicana,0,1954,10,30546167.203125
República Mexicana,0,1954,11,30625321.22222222
República Mexicana,0,1954,12,30704946.609375
República Mexicana,0,1955,1,30785009
República Mexicana,0,1955,2,30865474.02951389
República Mexicana,0,1955,3,30946307.333333336
República Mexicana,0,1955,4,31027474.546875
República Mexicana,0,1955,5,31108941.305555556
República Mexicana,0,1955,6,31190673.244791668
República Mexicana,0,1955,7,31272636
República Mexicana,0,1955,8,31354873.657696757
República Mexicana,0,1955,9,31437451.761574075
República Mexicana,0,1955,10,31520368.1328125
República Mexicana,0,1955,11,31603620.592592593
República Mexicana,0,1955,12,31687206.96209491
República Mexicana,0,1956,1,31771125.0625
República Mexicana,0,1956,2,31855372.71498842
República Mexicana,0,1956,3,31939947.740740743
República Mexicana,0,1956,4,32024847.9609375
República Mexicana,0,1956,5,32110071.196759257
República Mexicana,0,1956,6,32195615.269386575
República Mexicana,0,1956,7,32281478
República Mexicana,0,1956,8,32367662.064236112
República Mexicana,0,1956,9,32454171.541666664
República Mexicana,0,1956,10,32541006.359375
República Mexicana,0,1956,11,32628166.444444444
República Mexicana,0,1956,12,32715651.723958332
República Mexicana,0,1957,1,32803462.125
República Mexicana,0,1957,2,32891597.57465278
República Mexicana,0,1957,3,32980058
República Mexicana,0,1957,4,33068843.328125
República Mexicana,0,1957,5,33157953.486111112
República Mexicana,0,1957,6,33247388.401041664
República Mexicana,0,1957,7,33337148
República Mexicana,0,1957,8,33427224.783275466
República Mexicana,0,1957,9,33517614.05787037
República Mexicana,0,1957,10,33608319.9609375
República Mexicana,0,1957,11,33699346.62962963
República Mexicana,0,1957,12,33790698.20109954
República Mexicana,0,1958,1,33882378.8125
República Mexicana,0,1958,2,33974392.60098379
República Mexicana,0,1958,3,34066743.70370371
República Mexicana,0,1958,4,34159436.2578125
República Mexicana,0,1958,5,34252474.40046296
República Mexicana,0,1958,6,34345862.268807866
República Mexicana,0,1958,7,34439604
República Mexicana,0,1958,8,34533712.20949074
República Mexicana,0,1958,9,34628190.41203704
República Mexicana,0,1958,10,34723029.09375
República Mexicana,0,1958,11,34818218.74074074
República Mexicana,0,1958,12,34913749.839120366
República Mexicana,0,1959,1,35009612.875
República Mexicana,0,1959,2,35105798.33449074
República Mexicana,0,1959,3,35202296.7037037
República Mexicana,0,1959,4,35299098.46875
República Mexicana,0,1959,5,35396194.115740746
República Mexicana,0,1959,6,35493574.13078704
República Mexicana,0,1959,7,35591229
República Mexicana,0,1959,8,35689168.7884838
República Mexicana,0,1959,9,35787410.2800926
República Mexicana,0,1959,10,35885954.0390625
República Mexicana,0,1959,11,35984800.62962963
República Mexicana,0,1959,12,36083950.6160301
República Mexicana,0,1960,1,36183404.5625
República Mexicana,0,1960,2,36283163.03327546
República Mexicana,0,1960,3,36383226.59259259
República Mexicana,0,1960,4,36483595.8046875
República Mexicana,0,1960,5,36584271.2337963
República Mexicana,0,1960,6,36685253.4441551
República Mexicana,0,1960,7,36786543
República Mexicana,0,1960,8,36888148.285590276
República Mexicana,0,1960,9,36990074.020833336
República Mexicana,0,1960,10,37092315.2734375
República Mexicana,0,1960,11,37194867.111111104
República Mexicana,0,1960,12,37297724.6015625
República Mexicana,0,1961,1,37400882.8125
República Mexicana,0,1961,2,37504336.81163195
República Mexicana,0,1961,3,37608081.666666664
República Mexicana,0,1961,4,37712112.4453125
República Mexicana,0,1961,5,37816424.215277776
República Mexicana,0,1961,6,37921012.044270836
República Mexicana,0,1961,7,38025871
República Mexicana,0,1961,8,38131034.527777776
República Mexicana,0,1961,9,38236529.291666664
República Mexicana,0,1961,10,38342340.1875
República Mexicana,0,1961,11,38448452.11111111
República Mexicana,0,1961,12,38554849.958333336
República Mexicana,0,1962,1,38661518.625
República Mexicana,0,1962,2,38768443.00694444
República Mexicana,0,1962,3,38875607.99999999
República Mexicana,0,1962,4,38982998.5
República Mexicana,0,1962,5,39090599.402777776
República Mexicana,0,1962,6,39198395.604166664
República Mexicana,0,1962,7,39306372
República Mexicana,0,1962,8,39414528.43865741
República Mexicana,0,1962,9,39522881.30092593
República Mexicana,0,1962,10,39631440.28125
República Mexicana,0,1962,11,39740215.07407407
República Mexicana,0,1962,12,39849215.3738426
República Mexicana,0,1963,1,39958450.875
República Mexicana,0,1963,2,40067931.27199074
República Mexicana,0,1963,3,40177666.25925926
República Mexicana,0,1963,4,40287665.53125
República Mexicana,0,1963,5,40397938.78240741
República Mexicana,0,1963,6,40508495.70717593
República Mexicana,0,1963,7,40619346
República Mexicana,0,1963,8,40730479.09548611
República Mexicana,0,1963,9,40841877.69444443
República Mexicana,0,1963,10,40953541.390625
República Mexicana,0,1963,11,41065469.777777776
República Mexicana,0,1963,12,41177662.449652776
República Mexicana,0,1964,1,41290119
República Mexicana,0,1964,2,41402839.02256945
República Mexicana,0,1964,3,41515822.111111104
República Mexicana,0,1964,4,41629067.859375
República Mexicana,0,1964,5,41742575.861111104
República Mexicana,0,1964,6,41856345.71006944
República Mexicana,0,1964,7,41970377
República Mexicana,0,1964,8,42084691.943865746
República Mexicana,0,1964,9,42199305.12037037
República Mexicana,0,1964,10,42314204.671875
República Mexicana,0,1964,11,42429378.74074074
República Mexicana,0,1964,12,42544815.46932871
República Mexicana,0,1965,1,42660503
República Mexicana,0,1965,2,42776429.47511574
República Mexicana,0,1965,3,42892583.03703704
República Mexicana,0,1965,4,43008951.828125
República Mexicana,0,1965,5,43125523.990740746
República Mexicana,0,1965,6,43242287.66724537
República Mexicana,0,1965,7,43359231
República Mexicana,0,1965,8,43476353.33767361
República Mexicana,0,1965,9,43593667.20138889
República Mexicana,0,1965,10,43711180.4921875
República Mexicana,0,1965,11,43828901.111111104
República Mexicana,0,1965,12,43946836.95920139
República Mexicana,0,1966,1,44064995.9375
República Mexicana,0,1966,2,44183385.94704861
República Mexicana,0,1966,3,44302014.888888896
República Mexicana,0,1966,4,44420890.6640625
República Mexicana,0,1966,5,44540021.17361111
República Mexicana,0,1966,6,44659414.31857639
República Mexicana,0,1966,7,44779078
República Mexicana,0,1966,8,44899019.57002314
República Mexicana,0,1966,9,45019235.08796296
República Mexicana,0,1966,10,45139715.515625
República Mexicana,0,1966,11,45260451.81481481
República Mexicana,0,1966,12,45381434.94733796
República Mexicana,0,1967,1,45502655.875
República Mexicana,0,1967,2,45624105.559606485
República Mexicana,0,1967,3,45745774.96296296
República Mexicana,0,1967,4,45867655.046875
República Mexicana,0,1967,5,45989736.77314815
República Mexicana,0,1967,6,46112011.10358796
República Mexicana,0,1967,7,46234469
República Mexicana,0,1967,8,46357120.69820601
República Mexicana,0,1967,9,46479982.571759254
República Mexicana,0,1967,10,46603054.7890625
República Mexicana,0,1967,11,46726337.518518515
República Mexicana,0,1967,12,46849830.92853009
República Mexicana,0,1968,1,46973535.1875
República Mexicana,0,1968,2,47097450.46383102
República Mexicana,0,1968,3,47221576.925925925
República Mexicana,0,1968,4,47345914.7421875
República Mexicana,0,1968,5,47470464.081018515
República Mexicana,0,1968,6,47595225.110821754
República Mexicana,0,1968,7,47720198
República Mexicana,0,1968,8,47845396.02199074
República Mexicana,0,1968,9,47970827.43981482
República Mexicana,0,1968,10,48096484.90625
República Mexicana,0,1968,11,48222361.074074075
República Mexicana,0,1968,12,48348448.59606482
República Mexicana,0,1969,1,48474740.125
República Mexicana,0,1969,2,48601228.31365741
República Mexicana,0,1969,3,48727905.81481481
República Mexicana,0,1969,4,48854765.28125
República Mexicana,0,1969,5,48981799.36574074
República Mexicana,0,1969,6,49109000.72106481
República Mexicana,0,1969,7,49236362
República Mexicana,0,1969,8,49363869.68836805
República Mexicana,0,1969,9,49491523.201388896
República Mexicana,0,1969,10,49619334.5859375
República Mexicana,0,1969,11,49747315.88888888
República Mexicana,0,1969,12,49875479.15711806
República Mexicana,0,1970,1,50003836.4375
República Mexicana,0,1970,2,50132399.776909724
República Mexicana,0,1970,3,50261181.222222224
República Mexicana,0,1970,4,50390192.8203125
República Mexicana,0,1970,5,50519446.61805555
República Mexicana,0,1970,6,50648954.662326396
República Mexicana,0,1970,7,50778729
República Mexicana,0,1970,8,50908720.36111111
República Mexicana,0,1970,9,51038884.24999999
República Mexicana,0,1970,10,51169239.875
República Mexicana,0,1970,11,51299806.44444444
República Mexicana,0,1970,12,51430603.166666664
República Mexicana,0,1971,1,51561649.25
República Mexicana,0,1971,2,51692963.902777776
República Mexicana,0,1971,3,51824566.333333336
República Mexicana,0,1971,4,51956475.75
República Mexicana,0,1971,5,52088711.36111111
República Mexicana,0,1971,6,52221292.37499999
República Mexicana,0,1971,7,52354238
República Mexicana,0,1971,8,52487582.732928246
República Mexicana,0,1971,9,52621327.57175926
República Mexicana,0,1971,10,52755441.4765625
República Mexicana,0,1971,11,52889893.40740741
República Mexicana,0,1971,12,53024652.324363425
República Mexicana,0,1972,1,53159687.1875
República Mexicana,0,1972,2,53294966.956886575
República Mexicana,0,1972,3,53430460.5925926
República Mexicana,0,1972,4,53566137.0546875
República Mexicana,0,1972,5,53701965.30324074
República Mexicana,0,1972,6,53837914.298321754
República Mexicana,0,1972,7,53973953
República Mexicana,0,1972,8,54110112.84403935
República Mexicana,0,1972,9,54246447.696759254
República Mexicana,0,1972,10,54382960.1640625
República Mexicana,0,1972,11,54519652.85185185
República Mexicana,0,1972,12,54656528.36603009
República Mexicana,0,1973,1,54793589.3125
República Mexicana,0,1973,2,54930838.29716435
República Mexicana,0,1973,3,55068277.92592592
República Mexicana,0,1973,4,55205910.8046875
República Mexicana,0,1973,5,55343739.53935185
República Mexicana,0,1973,6,55481766.735821754
República Mexicana,0,1973,7,55619995
República Mexicana,0,1973,8,55758428.70457176
República Mexicana,0,1973,9,55897067.78935186
República Mexicana,0,1973,10,56035908.2109375
República Mexicana,0,1973,11,56174945.925925925
República Mexicana,0,1973,12,56314176.890914366
República Mexicana,0,1974,1,56453597.0625
República Mexicana,0,1974,2,56593202.3972801
República Mexicana,0,1974,3,56732988.85185186
República Mexicana,0,1974,4,56872952.3828125
República Mexicana,0,1974,5,57013088.94675926
República Mexicana,0,1974,6,57153394.50028936
República Mexicana,0,1974,7,57293865
República Mexicana,0,1974,8,57434553.85156249
República Mexicana,0,1974,9,57575499.45138889
República Mexicana,0,1974,10,57716675.2421875
República Mexicana,0,1974,11,57858054.666666664
República Mexicana,0,1974,12,57999611.167534724
República Mexicana,0,1975,1,58141318.1875
República Mexicana,0,1975,2,58283149.169270836
República Mexicana,0,1975,3,58425077.55555555
República Mexicana,0,1975,4,58567076.7890625
República Mexicana,0,1975,5,58709120.3125
República Mexicana,0,1975,6,58851181.56857639
República Mexicana,0,1975,7,58993234
República Mexicana,0,1975,8,59135334.17737269
República Mexicana,0,1975,9,59277547.07175926
República Mexicana,0,1975,10,59419858.7265625
República Mexicana,0,1975,11,59562255.18518518
República Mexicana,0,1975,12,59704722.49103009
República Mexicana,0,1976,1,59847246.6875
República Mexicana,0,1976,2,59989813.81799769
República Mexicana,0,1976,3,60132409.925925925
República Mexicana,0,1976,4,60275021.0546875
República Mexicana,0,1976,5,60417633.24768519
República Mexicana,0,1976,6,60560232.54832176
República Mexicana,0,1976,7,60702805
República Mexicana,0,1976,8,60845357.65509259
República Mexicana,0,1976,9,60987910.22685185
República Mexicana,0,1976,10,61130467.75
República Mexicana,0,1976,11,61273035.25925926
República Mexicana,0,1976,12,61415617.78935185
República Mexicana,0,1977,1,61558220.375
República Mexicana,0,1977,2,61700848.050925925
República Mexicana,0,1977,3,61843505.85185185
República Mexicana,0,1977,4,61986198.8125
República Mexicana,0,1977,5,62128931.96759259
República Mexicana,0,1977,6,62271710.35185185
República Mexicana,0,1977,7,62414539
República Mexicana,0,1977,8,62557423.70341435
República Mexicana,0,1977,9,62700362.6550926
República Mexicana,0,1977,10,62843349.4921875
República Mexicana,0,1977,11,62986377.85185185
República Mexicana,0,1977,12,63129441.371238425
República Mexicana,0,1978,1,63272533.6875
República Mexicana,0,1978,2,63415648.43778936
República Mexicana,0,1978,3,63558779.259259254
República Mexicana,0,1978,4,63701919.7890625
República Mexicana,0,1978,5,63845063.66435185
República Mexicana,0,1978,6,63988204.5222801
República Mexicana,0,1978,7,64131336
República Mexicana,0,1978,8,64274490.690972224
República Mexicana,0,1978,9,64417696.277777776
República Mexicana,0,1978,10,64560939.03125
República Mexicana,0,1978,11,64704205.22222222
República Mexicana,0,1978,12,64847481.12152777
República Mexicana,0,1979,1,64990753
República Mexicana,0,1979,2,65134007.12847222
República Mexicana,0,1979,3,65277229.777777776
República Mexicana,0,1979,4,65420407.21875
República Mexicana,0,1979,5,65563525.722222224
República Mexicana,0,1979,6,65706571.559027776
República Mexicana,0,1979,7,65849531
República Mexicana,0,1979,8,65992415.42187501
República Mexicana,0,1979,9,66135247.041666664
República Mexicana,0,1979,10,66278028.390625
República Mexicana,0,1979,11,66420761.99999999
República Mexicana,0,1979,12,66563450.401041664
República Mexicana,0,1980,1,66706096.125
República Mexicana,0,1980,2,66848701.70312501
República Mexicana,0,1980,3,66991269.666666664
República Mexicana,0,1980,4,67133802.546875
República Mexicana,0,1980,5,67276302.875
República Mexicana,0,1980,6,67418773.18229166
República Mexicana,0,1980,7,67561216
República Mexicana,0,1980,8,67703616.84664351
República Mexicana,0,1980,9,67845963.74537037
República Mexicana,0,1980,10,67988262.984375
República Mexicana,0,1980,11,68130520.85185184
República Mexicana,0,1980,12,68272743.63599537
República Mexicana,0,1981,1,68414937.625
República Mexicana,0,1981,2,68557109.1070602
República Mexicana,0,1981,3,68699264.37037036
República Mexicana,0,1981,4,68841409.703125
República Mexicana,0,1981,5,68983551.39351851
República Mexicana,0,1981,6,69125695.72974536
República Mexicana,0,1981,7,69267849
República Mexicana,0,1981,8,69410020.25983797
República Mexicana,0,1981,9,69552208.41203704
República Mexicana,0,1981,10,69694404.515625
República Mexicana,0,1981,11,69836599.62962963
República Mexicana,0,1981,12,69978784.8130787
República Mexicana,0,1982,1,70120951.125
República Mexicana,0,1982,2,70263089.62442128
República Mexicana,0,1982,3,70405191.37037037
República Mexicana,0,1982,4,70547247.421875
República Mexicana,0,1982,5,70689248.83796296
República Mexicana,0,1982,6,70831186.67766203
República Mexicana,0,1982,7,70973052
República Mexicana,0,1982,8,71114870.16695601
República Mexicana,0,1982,9,71256667.07175925
República Mexicana,0,1982,10,71398434.5703125
República Mexicana,0,1982,11,71540164.51851852
República Mexicana,0,1982,12,71681848.77228008
República Mexicana,0,1983,1,71823479.1875
República Mexicana,0,1983,2,71965047.62008101
República Mexicana,0,1983,3,72106545.92592593
República Mexicana,0,1983,4,72247965.9609375
República Mexicana,0,1983,5,72389299.58101851
República Mexicana,0,1983,6,72530538.64207174
República Mexicana,0,1983,7,72671675
República Mexicana,0,1983,8,72812732.7115162
República Mexicana,0,1983,9,72953735.96990742
República Mexicana,0,1983,10,73094676.8359375
República Mexicana,0,1983,11,73235547.37037036
República Mexicana,0,1983,12,73376339.6339699
República Mexicana,0,1984,1,73517045.6875
República Mexicana,0,1984,2,73657657.59172453
República Mexicana,0,1984,3,73798167.4074074
República Mexicana,0,1984,4,73938567.1953125
República Mexicana,0,1984,5,74078849.0162037
República Mexicana,0,1984,6,74219004.9308449
República Mexicana,0,1984,7,74359027
República Mexicana,0,1984,8,74498913.16145834
República Mexicana,0,1984,9,74638670.76388888
República Mexicana,0,1984,10,74778305.984375
República Mexicana,0,1984,11,74917825
República Mexicana,0,1984,12,75057233.98784721
República Mexicana,0,1985,1,75196539.125
República Mexicana,0,1985,2,75335746.58854167
República Mexicana,0,1985,3,75474862.55555555
República Mexicana,0,1985,4,75613893.203125
República Mexicana,0,1985,5,75752844.70833333
República Mexicana,0,1985,6,75891723.24826388
República Mexicana,0,1985,7,76030535
República Mexicana,0,1985,8,76169263.82899305
República Mexicana,0,1985,9,76307892.72916667
República Mexicana,0,1985,10,76446426.5703125
República Mexicana,0,1985,11,76584870.22222222
República Mexicana,0,1985,12,76723228.5546875
República Mexicana,0,1986,1,76861506.4375
República Mexicana,0,1986,2,76999708.74045138
República Mexicana,0,1986,3,77137840.33333333
República Mexicana,0,1986,4,77275906.0859375
República Mexicana,0,1986,5,77413910.86805555
República Mexicana,0,1986,6,77551859.54947917
República Mexicana,0,1986,7,77689757
República Mexicana,0,1986,8,77827626.66782409
República Mexicana,0,1986,9,77965478.16203703
República Mexicana,0,1986,10,78103295.59375
República Mexicana,0,1986,11,78241063.07407407
República Mexicana,0,1986,12,78378764.71412036
República Mexicana,0,1987,1,78516384.625
República Mexicana,0,1987,2,78653906.91782406
República Mexicana,0,1987,3,78791315.7037037
República Mexicana,0,1987,4,78928595.09375
República Mexicana,0,1987,5,79065729.19907409
República Mexicana,0,1987,6,79202702.13078704
República Mexicana,0,1987,7,79339498
República Mexicana,0,1987,8,79476148.23119213
República Mexicana,0,1987,9,79612690.1550926
República Mexicana,0,1987,10,79749116.7421875
República Mexicana,0,1987,11,79885420.96296296
República Mexicana,0,1987,12,80021595.7879051
República Mexicana,0,1988,1,80157634.1875
República Mexicana,0,1988,2,80293529.1322338
República Mexicana,0,1988,3,80429273.5925926
República Mexicana,0,1988,4,80564860.5390625
República Mexicana,0,1988,5,80700282.94212964
República Mexicana,0,1988,6,80835533.7722801
República Mexicana,0,1988,7,80970606
República Mexicana,0,1988,8,81105492.56452547
República Mexicana,0,1988,9,81240196.64120369
República Mexicana,0,1988,10,81374726.5546875
República Mexicana,0,1988,11,81509090.62962963
República Mexicana,0,1988,12,81643297.19068287
República Mexicana,0,1989,1,81777354.5625
República Mexicana,0,1989,2,81911271.06973378
República Mexicana,0,1989,3,82045055.03703703
República Mexicana,0,1989,4,82178714.7890625
República Mexicana,0,1989,5,82312258.65046296
República Mexicana,0,1989,6,82445694.9458912
República Mexicana,0,1989,7,82579032
República Mexicana,0,1989,8,82712239.3515625
República Mexicana,0,1989,9,82845288.53472222
República Mexicana,0,1989,10,82978190.8671875
República Mexicana,0,1989,11,83110957.66666666
República Mexicana,0,1989,12,83243600.25086805
República Mexicana,0,1990,1,83376129.9375
República Mexicana,0,1990,2,83508558.04427083
República Mexicana,0,1990,3,83640895.8888889
República Mexicana,0,1990,4,83773154.7890625
República Mexicana,0,1990,5,83905346.06249999
República Mexicana,0,1990,6,84037481.02690972
República Mexicana,0,1990,7,84169571
República Mexicana,0,1990,8,84301616.17129628
República Mexicana,0,1990,9,84433604.31481484
República Mexicana,0,1990,10,84565528.125
República Mexicana,0,1990,11,84697380.29629628
República Mexicana,0,1990,12,84829153.52314815
República Mexicana,0,1991,1,84960840.5
República Mexicana,0,1991,2,85092433.9212963
República Mexicana,0,1991,3,85223926.48148149
República Mexicana,0,1991,4,85355310.875
República Mexicana,0,1991,5,85486579.7962963
República Mexicana,0,1991,6,85617725.93981482
República Mexicana,0,1991,7,85748742
República Mexicana,0,1991,8,85879666.73726852
República Mexicana,0,1991,9,86010532.78703703
República Mexicana,0,1991,10,86141323.65625
República Mexicana,0,1991,11,86272022.85185185
República Mexicana,0,1991,12,86402613.88078703
República Mexicana,0,1992,1,86533080.25
República Mexicana,0,1992,2,86663405.4664352
República Mexicana,0,1992,3,86793573.03703703
República Mexicana,0,1992,4,86923566.46875
República Mexicana,0,1992,5,87053369.26851852
República Mexicana,0,1992,6,87182964.94328704
República Mexicana,0,1992,7,87312337
República Mexicana,0,1992,8,87441509.74131945
República Mexicana,0,1992,9,87570516.62499999
República Mexicana,0,1992,10,87699354.890625
República Mexicana,0,1992,11,87828021.77777776
República Mexicana,0,1992,12,87956514.52604167
República Mexicana,0,1993,1,88084830.375
República Mexicana,0,1993,2,88212966.56423612
República Mexicana,0,1993,3,88340920.33333334
República Mexicana,0,1993,4,88468688.921875
República Mexicana,0,1993,5,88596269.56944445
República Mexicana,0,1993,6,88723659.51562501
República Mexicana,0,1993,7,88850856
República Mexicana,0,1993,8,88977874.9458912
República Mexicana,0,1993,9,89104729.49768518
República Mexicana,0,1993,10,89231412.7265625
República Mexicana,0,1993,11,89357917.7037037
República Mexicana,0,1993,12,89484237.50028935
República Mexicana,0,1994,1,89610365.1875
República Mexicana,0,1994,2,89736293.8365162
República Mexicana,0,1994,3,89862016.51851852
República Mexicana,0,1994,4,89987526.3046875
República Mexicana,0,1994,5,90112816.2662037
República Mexicana,0,1994,6,90237879.4742477
República Mexicana,0,1994,7,90362709
República Mexicana,0,1994,8,90487311.84809028
República Mexicana,0,1994,9,90611700.03472222
República Mexicana,0,1994,10,90735874.1484375
República Mexicana,0,1994,11,90859834.77777778
República Mexicana,0,1994,12,90983582.51128472
República Mexicana,0,1995,1,91107117.9375
República Mexicana,0,1995,2,91230441.64496528
República Mexicana,0,1995,3,91353554.22222222
República Mexicana,0,1995,4,91476456.2578125
República Mexicana,0,1995,5,91599148.34027779
República Mexicana,0,1995,6,91721631.05815972
República Mexicana,0,1995,7,91843905
República Mexicana,0,1995,8,91965952.93460648
República Mexicana,0,1995,9,92087763.25462963
República Mexicana,0,1995,10,92209344.984375
República Mexicana,0,1995,11,92330707.14814815
República Mexicana,0,1995,12,92451858.77025464
República Mexicana,0,1996,1,92572808.875
República Mexicana,0,1996,2,92693566.48668982
República Mexicana,0,1996,3,92814140.62962961
República Mexicana,0,1996,4,92934540.328125
República Mexicana,0,1996,5,93054774.60648148
República Mexicana,0,1996,6,93174852.48900463
República Mexicana,0,1996,7,93294783
República Mexicana,0,1996,8,93414569.0396412
República Mexicana,0,1996,9,93534202.6087963
República Mexicana,0,1996,10,93653676.3828125
República Mexicana,0,1996,11,93772983.03703703
República Mexicana,0,1996,12,93892115.24681713
República Mexicana,0,1997,1,94011065.6875
República Mexicana,0,1997,2,94129827.03443287
República Mexicana,0,1997,3,94248391.96296296
República Mexicana,0,1997,4,94366753.1484375
República Mexicana,0,1997,5,94484903.2662037
República Mexicana,0,1997,6,94602834.9916088
República Mexicana,0,1997,7,94720541
República Mexicana,0,1997,8,94838034.4710648
República Mexicana,0,1997,9,94955331.78240742
República Mexicana,0,1997,10,95072430.40625
República Mexicana,0,1997,11,95189327.8148148
República Mexicana,0,1997,12,95306021.48032407
República Mexicana,0,1998,1,95422508.875
República Mexicana,0,1998,2,95538787.4710648
República Mexicana,0,1998,3,95654854.74074075
República Mexicana,0,1998,4,95770708.15625
República Mexicana,0,1998,5,95886345.1898148
República Mexicana,0,1998,6,96001763.31365742
República Mexicana,0,1998,7,96116960
República Mexicana,0,1998,8,96232040.48900463
República Mexicana,0,1998,9,96347074.50925925
República Mexicana,0,1998,10,96462006.265625
República Mexicana,0,1998,11,96576779.96296297
República Mexicana,0,1998,12,96691339.80613425
República Mexicana,0,1999,1,96805630
República Mexicana,0,1999,2,96919594.7494213
República Mexicana,0,1999,3,97033178.25925925
República Mexicana,0,1999,4,97146324.734375
República Mexicana,0,1999,5,97258978.37962963
República Mexicana,0,1999,6,97371083.39988425
República Mexicana,0,1999,7,97482584
República Mexicana,0,1999,8,97593289.79803242
República Mexicana,0,1999,9,97703140.50925927
República Mexicana,0,1999,10,97812275.484375
República Mexicana,0,1999,11,97920834.07407407
República Mexicana,0,1999,12,98028955.62905093
República Mexicana,0,2000,1,98136779.5
República Mexicana,0,2000,2,98244445.03761575
República Mexicana,0,2000,3,98352091.5925926
República Mexicana,0,2000,4,98459858.515625
República Mexicana,0,2000,5,98567885.15740742
República Mexicana,0,2000,6,98676310.86863427
República Mexicana,0,2000,7,98785275
República Mexicana,0,2000,8,98894451.59577546
República Mexicana,0,2000,9,99003481.21064815
República Mexicana,0,2000,10,99112452.9609375
República Mexicana,0,2000,11,99221455.96296294
República Mexicana,0,2000,12,99330579.33304398
República Mexicana,0,2001,1,99439912.1875
República Mexicana,0,2001,2,99549543.64265046
República Mexicana,0,2001,3,99659562.81481482
República Mexicana,0,2001,4,99770058.8203125
República Mexicana,0,2001,5,99881120.77546296
República Mexicana,0,2001,6,99992837.79658565
República Mexicana,0,2001,7,100105299
República Mexicana,0,2001,8,100218594.14207175
República Mexicana,0,2001,9,100332683.1226852
República Mexicana,0,2001,10,100447460.2734375
República Mexicana,0,2001,11,100562819.92592593
República Mexicana,0,2001,12,100678656.4117477
República Mexicana,0,2002,1,100794864.0625
República Mexicana,0,2002,2,100911337.20978008
República Mexicana,0,2002,3,101027970.1851852
República Mexicana,0,2002,4,101144657.3203125
República Mexicana,0,2002,5,101261292.94675925
República Mexicana,0,2002,6,101377771.39612268
República Mexicana,0,2002,7,101493987
República Mexicana,0,2002,8,101610134.06712961
República Mexicana,0,2002,9,101726451.52314816
República Mexicana,0,2002,10,101842900.625
República Mexicana,0,2002,11,101959442.62962961
República Mexicana,0,2002,12,102076038.79398148
República Mexicana,0,2003,1,102192650.375
República Mexicana,0,2003,2,102309238.62962963
República Mexicana,0,2003,3,102425764.81481482
República Mexicana,0,2003,4,102542190.1875
República Mexicana,0,2003,5,102658476.00462963
República Mexicana,0,2003,6,102774583.52314815
República Mexicana,0,2003,7,102890474
República Mexicana,0,2003,8,103006098.8298611
República Mexicana,0,2003,9,103121469.34722222
República Mexicana,0,2003,10,103236636.71875
República Mexicana,0,2003,11,103351652.11111112
República Mexicana,0,2003,12,103466566.69097222
República Mexicana,0,2004,1,103581431.625
República Mexicana,0,2004,2,103696298.0798611
República Mexicana,0,2004,3,103811217.22222222
República Mexicana,0,2004,4,103926240.21875
República Mexicana,0,2004,5,104041418.2361111
República Mexicana,0,2004,6,104156802.44097222
República Mexicana,0,2004,7,104272444
República Mexicana,0,2004,8,104388047.234375
República Mexicana,0,2004,9,104503368.16666667
República Mexicana,0,2004,10,104618535.515625
República Mexicana,0,2004,11,104733677.99999999
República Mexicana,0,2004,12,104848924.33854167
República Mexicana,0,2005,1,104964403.25
República Mexicana,0,2005,2,105080243.45312501
República Mexicana,0,2005,3,105196573.66666667
República Mexicana,0,2005,4,105313522.609375
República Mexicana,0,2005,5,105431219
República Mexicana,0,2005,6,105549791.55729167
República Mexicana,0,2005,7,105669369
República Mexicana,0,2005,8,105789755.52980325
República Mexicana,0,2005,9,105910686.12731482
República Mexicana,0,2005,10,106032185.6796875
República Mexicana,0,2005,11,106154279.07407406
República Mexicana,0,2005,12,106276991.19762732
República Mexicana,0,2006,1,106400346.9375
República Mexicana,0,2006,2,106524371.1808449
República Mexicana,0,2006,3,106649088.81481482
República Mexicana,0,2006,4,106774524.7265625
República Mexicana,0,2006,5,106900703.80324075
República Mexicana,0,2006,6,107027650.93200232
República Mexicana,0,2006,7,107155391
República Mexicana,0,2006,8,107283997.70572917
República Mexicana,0,2006,9,107413490.7986111
República Mexicana,0,2006,10,107543814.2421875
República Mexicana,0,2006,11,107674912
República Mexicana,0,2006,12,107806728.03559029
República Mexicana,0,2007,1,107939206.3125
República Mexicana,0,2007,2,108072290.79427083
República Mexicana,0,2007,3,108205925.44444445
República Mexicana,0,2007,4,108340054.2265625
República Mexicana,0,2007,5,108474621.10416667
República Mexicana,0,2007,6,108609570.04079862
República Mexicana,0,2007,7,108744845
República Mexicana,0,2007,8,108880644.49710648
República Mexicana,0,2007,9,109017155.99074073
República Mexicana,0,2007,10,109154306.859375
República Mexicana,0,2007,11,109292024.48148148
República Mexicana,0,2007,12,109430236.23553242
República Mexicana,0,2008,1,109568869.5
República Mexicana,0,2008,2,109707851.65335648
República Mexicana,0,2008,3,109847110.07407407
República Mexicana,0,2008,4,109986572.140625
República Mexicana,0,2008,5,110126165.23148149
República Mexicana,0,2008,6,110265816.72511573
República Mexicana,0,2008,7,110405454
República Mexicana,0,2008,8,110545371.77430555
República Mexicana,0,2008,9,110685836.81944445
República Mexicana,0,2008,10,110826734.59375
República Mexicana,0,2008,11,110967950.55555555
República Mexicana,0,2008,12,111109370.16319445
República Mexicana,0,2009,1,111250878.875
República Mexicana,0,2009,2,111392362.14930557
República Mexicana,0,2009,3,111533705.44444445
República Mexicana,0,2009,4,111674794.21875
República Mexicana,0,2009,5,111815513.93055555
República Mexicana,0,2009,6,111955750.03819445
República Mexicana,0,2009,7,112095388
República Mexicana,0,2009,8,112234554.60792825
República Mexicana,0,2009,9,112373455.50231482
República Mexicana,0,2009,10,112512094.4140625
República Mexicana,0,2009,11,112650475.07407406
República Mexicana,0,2009,12,112788601.2132523
República Mexicana,0,2010,1,112926476.5625
República Mexicana,0,2010,2,113064104.8527199
República Mexicana,0,2010,3,113201489.81481482
República Mexicana,0,2010,4,113338635.1796875
República Mexicana,0,2010,5,113475544.67824075
República Mexicana,0,2010,6,113612222.04137732
República Mexicana,0,2010,7,113748671
República Mexicana,0,2010,8,113884938.3214699
República Mexicana,0,2010,9,114021049.69675925
República Mexicana,0,2010,10,114156977.2421875
República Mexicana,0,2010,11,114292693.07407406
República Mexicana,0,2010,12,114428169.30873843
República Mexicana,0,2011,1,114563378.0625
República Mexicana,0,2011,2,114698291.45167825
República Mexicana,0,2011,3,114832881.5925926
República Mexicana,0,2011,4,114967120.6015625
República Mexicana,0,2011,5,115100980.5949074
República Mexicana,0,2011,6,115234433.68894675
República Mexicana,0,2011,7,115367452
República Mexicana,0,2011,8,115500066.13657407
República Mexicana,0,2011,9,115632325.99537037
República Mexicana,0,2011,10,115764232.625
República Mexicana,0,2011,11,115895787.07407406
República Mexicana,0,2011,12,116026990.3912037
República Mexicana,0,2012,1,116157843.625
República Mexicana,0,2012,2,116288347.82407407
República Mexicana,0,2012,3,116418504.03703703
República Mexicana,0,2012,4,116548313.3125
República Mexicana,0,2012,5,116677776.69907407
República Mexicana,0,2012,6,116806895.24537037
República Mexicana,0,2012,7,116935670
República Mexicana,0,2012,8,117064054.60011575
República Mexicana,0,2012,9,117192018.39814815
República Mexicana,0,2012,10,117319586.015625
República Mexicana,0,2012,11,117446782.07407406
República Mexicana,0,2012,12,117573631.19502315
República Mexicana,0,2013,1,117700158
República Mexicana,0,2013,2,117826387.1105324
República Mexicana,0,2013,3,117952343.14814815
República Mexicana,0,2013,4,118078050.734375
República Mexicana,0,2013,5,118203534.49074073
República Mexicana,0,2013,6,118328819.03877315
República Mexicana,0,2013,7,118453929
República Mexicana,0,2013,8,118578948.05555554
República Mexicana,0,2013,9,118703902.59722222
República Mexicana,0,2013,10,118828731.3125
República Mexicana,0,2013,11,118953372.88888888
República Mexicana,0,2013,12,119077766.01388888
República Mexicana,0,2014,1,119201849.375
República Mexicana,0,2014,2,119325561.65972221
República Mexicana,0,2014,3,119448841.55555555
República Mexicana,0,2014,4,119571627.75
República Mexicana,0,2014,5,119693858.93055555
República Mexicana,0,2014,6,119815473.78472222
República Mexicana,0,2014,7,119936411
República Mexicana,0,2014,8,120056655.95052084
República Mexicana,0,2014,9,120176266.21527778
República Mexicana,0,2014,10,120295288.7890625
República Mexicana,0,2014,11,120413770.66666667
República Mexicana,0,2014,12,120531758.84288195
República Mexicana,0,2015,1,120649300.3125
República Mexicana,0,2015,2,120766442.0703125
República Mexicana,0,2015,3,120883231.11111112
República Mexicana,0,2015,4,120999714.4296875
República Mexicana,0,2015,5,121115939.02083333
República Mexicana,0,2015,6,121231951.87934028
República Mexicana,0,2015,7,121347800
República Mexicana,0,2015,8,121463418.2907986
República Mexicana,0,2015,9,121578714.0625
República Mexicana,0,2015,10,121693692.9140625
República Mexicana,0,2015,11,121808360.44444443
República Mexicana,0,2015,12,121922722.25260416
República Mexicana,0,2016,1,122036783.9375
República Mexicana,0,2016,2,122150551.09809028
República Mexicana,0,2016,3,122264029.33333334
República Mexicana,0,2016,4,122377224.2421875
República Mexicana,0,2016,5,122490141.4236111
República Mexicana,0,2016,6,122602786.4765625
República Mexicana,0,2016,7,122715165
República Mexicana,0,2016,8,122827269.51012732
República Mexicana,0,2016,9,122939089.13657407
República Mexicana,0,2016,10,123050624.3984375
República Mexicana,0,2016,11,123161875.81481482
República Mexicana,0,2016,12,123272843.90480325
República Mexicana,0,2017,1,123383529.1875
República Mexicana,0,2017,2,123493932.1820023
República Mexicana,0,2017,3,123604053.4074074
República Mexicana,0,2017,4,123713893.3828125
República Mexicana,0,2017,5,123823452.62731482
República Mexicana,0,2017,6,123932731.66001157
República Mexicana,0,2017,7,124041731
República Mexicana,0,2017,8,124150436.2662037
República Mexicana,0,2017,9,124258837.74074073
República Mexicana,0,2017,10,124366942.9375
República Mexicana,0,2017,11,124474759.37037036
República Mexicana,0,2017,12,124582294.55324075
República Mexicana,0,2018,1,124689556
República Mexicana,0,2018,2,124796551.22453704
República Mexicana,0,2018,3,124903287.74074073
República Mexicana,0,2018,4,125009773.0625
República Mexicana,0,2018,5,125116014.7037037
República Mexicana,0,2018,6,125222020.17824073
República Mexicana,0,2018,7,125327797
República Mexicana,0,2018,8,125433333.62413196
República Mexicana,0,2018,9,125538614.50694443
República Mexicana,0,2018,10,125643641.1640625
República Mexicana,0,2018,11,125748415.1111111
República Mexicana,0,2018,12,125852937.86371529
República Mexicana,0,2019,1,125957210.9375
República Mexicana,0,2019,2,126061235.84809029
República Mexicana,0,2019,3,126165014.1111111
República Mexicana,0,2019,4,126268547.2421875
República Mexicana,0,2019,5,126371836.75694445
República Mexicana,0,2019,6,126474884.17100693
República Mexicana,0,2019,7,126577691
República Mexicana,0,2019,8,126680252.74797454
República Mexicana,0,2019,9,126782564.90046296
República Mexicana,0,2019,10,126884628.9453125
República Mexicana,0,2019,11,126986446.37037036
República Mexicana,0,2019,12,127088018.6634838
República Mexicana,0,2020,1,127189347.3125
República Mexicana,0,2020,2,127290433.80526622
República Mexicana,0,2020,3,127391279.62962961
República Mexicana,0,2020,4,127491886.2734375
República Mexicana,0,2020,5,127592255.22453704
República Mexicana,0,2020,6,127692387.97077546
República Mexicana,0,2020,7,127792286
República Mexicana,0,2020,8,127891946.9207176
República Mexicana,0,2020,9,127991367.58796297
República Mexicana,0,2020,10,128090548.359375
República Mexicana,0,2020,11,128189489.59259258
República Mexicana,0,2020,12,128288191.64525463
República Mexicana,0,2021,1,128386654.875
República Mexicana,0,2021,2,128484879.6394676
República Mexicana,0,2021,3,128582866.29629631
República Mexicana,0,2021,4,128680615.203125
República Mexicana,0,2021,5,128778126.7175926
República Mexicana,0,2021,6,128875401.19733797
República Mexicana,0,2021,7,128972439
República Mexicana,0,2021,8,129069239.01446758
República Mexicana,0,2021,9,129165800.14351852
República Mexicana,0,2021,10,129262122.765625
República Mexicana,0,2021,11,129358207.25925924
República Mexicana,0,2021,12,129454054.00289352
República Mexicana,0,2022,1,129549663.375
República Mexicana,0,2022,2,129645035.75405094
República Mexicana,0,2022,3,129740171.51851852
República Mexicana,0,2022,4,129835071.046875
República Mexicana,0,2022,5,129929734.71759258
República Mexicana,0,2022,6,130024162.90914352
República Mexicana,0,2022,7,130118356
República Mexicana,0,2022,8,130212313.10300927
República Mexicana,0,2022,9,130306033.24074073
República Mexicana,0,2022,10,130399516.65625
República Mexicana,0,2022,11,130492763.59259258
República Mexicana,0,2022,12,130585774.29282407
República Mexicana,0,2023,1,130678549
República Mexicana,0,2023,2,130771087.95717593
República Mexicana,0,2023,3,130863391.4074074
República Mexicana,0,2023,4,130955459.59375
República Mexicana,0,2023,5,131047292.75925927
República Mexicana,0,2023,6,131138891.14699073
República Mexicana,0,2023,7,131230255
República Mexicana,0,2023,8,131321384.13657407
República Mexicana,0,2023,9,131412278.17592593
República Mexicana,0,2023,10,131502937.0625
República Mexicana,0,2023,11,131593360.74074073
República Mexicana,0,2023,12,131683549.15509258
República Mexicana,0,2024,1,131773502.25
República Mexicana,0,2024,2,131863219.96990742
República Mexicana,0,2024,3,131952702.25925924
República Mexicana,0,2024,4,132041949.0625
República Mexicana,0,2024,5,132130960.32407407
República Mexicana,0,2024,6,132219735.98842591
República Mexicana,0,2024,7,132308276
República Mexicana,0,2024,8,132396579.32233796
República Mexicana,0,2024,9,132484645.35648149
República Mexicana,0,2024,10,132572474.703125
República Mexicana,0,2024,11,132660067.96296296
República Mexicana,0,2024,12,132747425.7366898
República Mexicana,0,2025,1,132834548.625
República Mexicana,0,2025,2,132921437.22858796
República Mexicana,0,2025,3,133008092.14814815
República Mexicana,0,2025,4,133094513.984375
República Mexicana,0,2025,5,133180703.33796296
República Mexicana,0,2025,6,133266660.80960648
República Mexicana,0,2025,7,133352387
República Mexicana,0,2025,8,133437881.0300926
República Mexicana,0,2025,9,133523141.68518518
República Mexicana,0,2025,10,133608169.0625
República Mexicana,0,2025,11,133692963.25925925
República Mexicana,0,2025,12,133777524.37268518
República Mexicana,0,2026,1,133861852.5
República Mexicana,0,2026,2,133945947.73842593
República Mexicana,0,2026,3,134029810.1851852
República Mexicana,0,2026,4,134113439.9375
República Mexicana,0,2026,5,134196837.09259258
República Mexicana,0,2026,6,134280001.7476852
República Mexicana,0,2026,7,134362934
República Mexicana,0,2026,8,134445633.45601854
República Mexicana,0,2026,9,134528099.75925928
República Mexicana,0,2026,10,134610333.0625
República Mexicana,0,2026,11,134692333.5185185
República Mexicana,0,2026,12,134774101.2800926
República Mexicana,0,2027,1,134855636.5
República Mexicana,0,2027,2,134936939.3310185
República Mexicana,0,2027,3,135018009.92592594
República Mexicana,0,2027,4,135098848.4375
República Mexicana,0,2027,5,135179455.01851854
República Mexicana,0,2027,6,135259829.82175925
República Mexicana,0,2027,7,135339973
República Mexicana,0,2027,8,135419884.5023148
República Mexicana,0,2027,9,135499564.12962964
República Mexicana,0,2027,10,135579011.8125
República Mexicana,0,2027,11,135658227.4814815
República Mexicana,0,2027,12,135737211.0671296
República Mexicana,0,2028,1,135815962.5
República Mexicana,0,2028,2,135894481.71064815
República Mexicana,0,2028,3,135972768.6296296
República Mexicana,0,2028,4,136050823.1875
República Mexicana,0,2028,5,136128645.3148148
República Mexicana,0,2028,6,136206234.94212964
República Mexicana,0,2028,7,136283592
República Mexicana,0,2028,8,136360717.13917828
República Mexicana,0,2028,9,136437610.84953701
República Mexicana,0,2028,10,136514272.8203125
República Mexicana,0,2028,11,136590702.74074072
República Mexicana,0,2028,12,136666900.30005786
República Mexicana,0,2029,1,136742865.1875
República Mexicana,0,2029,2,136818597.09230322
República Mexicana,0,2029,3,136894095.7037037
República Mexicana,0,2029,4,136969360.7109375
República Mexicana,0,2029,5,137044391.80324075
República Mexicana,0,2029,6,137119188.66984951
República Mexicana,0,2029,7,137193751
República Mexicana,0,2029,8,137268079.73871526
República Mexicana,0,2029,9,137342175.8263889
República Mexicana,0,2029,10,137416038.9453125
República Mexicana,0,2029,11,137489668.77777776
República Mexicana,0,2029,12,137563065.00607637
República Mexicana,0,2030,1,137636227.3125
República Mexicana,0,2030,2,137709155.3793403
República Mexicana,0,2030,3,137781848.88888887
República Mexicana,0,2030,4,137854307.5234375
República Mexicana,0,2030,5,137926530.9652778
República Mexicana,0,2030,6,137998518.8967014
República Mexicana,0,2030,7,138070271
República Mexicana,0,2030,8,138141788.34606484
República Mexicana,0,2030,9,138213071.96296299
República Mexicana,0,2030,10,138284121.46875
República Mexicana,0,2030,11,138354936.48148146
República Mexicana,0,2030,12,138425516.61921299
República Mexicana,0,2031,1,138495861.5
República Mexicana,0,2031,2,138565970.74189815
República Mexicana,0,2031,3,138635843.96296299
República Mexicana,0,2031,4,138705480.78125
República Mexicana,0,2031,5,138774880.8148148
República Mexicana,0,2031,6,138844043.68171299
República Mexicana,0,2031,7,138912969
República Mexicana,0,2031,8,138981657.75636572
República Mexicana,0,2031,9,139050110.9953704
República Mexicana,0,2031,10,139118328.421875
República Mexicana,0,2031,11,139186309.74074075
República Mexicana,0,2031,12,139254054.6568287
República Mexicana,0,2032,1,139321562.875
República Mexicana,0,2032,2,139388834.10011575
República Mexicana,0,2032,3,139455868.03703704
República Mexicana,0,2032,4,139522664.390625
República Mexicana,0,2032,5,139589222.86574072
República Mexicana,0,2032,6,139655543.1672454
República Mexicana,0,2032,7,139721625
República Mexicana,0,2032,8,139787469.69502315
República Mexicana,0,2032,9,139853078.4212963
República Mexicana,0,2032,10,139918450.640625
República Mexicana,0,2032,11,139983585.8148148
República Mexicana,0,2032,12,140048483.4056713
República Mexicana,0,2033,1,140113142.875
República Mexicana,0,2033,2,140177563.6846065
República Mexicana,0,2033,3,140241745.29629633
República Mexicana,0,2033,4,140305687.171875
República Mexicana,0,2033,5,140369388.77314815
República Mexicana,0,2033,6,140432849.5619213
República Mexicana,0,2033,7,140496069
República Mexicana,0,2033,8,140559048.10040507
República Mexicana,0,2033,9,140621788.0949074
República Mexicana,0,2033,10,140684288.7734375
República Mexicana,0,2033,11,140746549.92592594
República Mexicana,0,2033,12,140808571.34230325
República Mexicana,0,2034,1,140870352.8125
República Mexicana,0,2034,2,140931894.12644675
República Mexicana,0,2034,3,140993195.07407406
República Mexicana,0,2034,4,141054255.4453125
República Mexicana,0,2034,5,141115075.0300926
República Mexicana,0,2034,6,141175653.61834487
República Mexicana,0,2034,7,141235991
República Mexicana,0,2034,8,141296087.96440974
República Mexicana,0,2034,9,141355945.24305555
República Mexicana,0,2034,10,141415562.5390625
República Mexicana,0,2034,11,141474939.55555552
República Mexicana,0,2034,12,141534075.99565974
República Mexicana,0,2035,1,141592971.5625
República Mexicana,0,2035,2,141651625.9592014
República Mexicana,0,2035,3,141710038.8888889
República Mexicana,0,2035,4,141768210.0546875
República Mexicana,0,2035,5,141826139.15972224
República Mexicana,0,2035,6,141883825.90711805
República Mexicana,0,2035,7,141941270
República Mexicana,0,2035,8,141998472.1316551
República Mexicana,0,2035,9,142055433.06712964
República Mexicana,0,2035,10,142112152.6171875
República Mexicana,0,2035,11,142168630.59259257
República Mexicana,0,2035,12,142224866.8041088
República Mexicana,0,2036,1,142280861.0625
República Mexicana,0,2036,2,142336613.1785301
República Mexicana,0,2036,3,142392122.96296296
República Mexicana,0,2036,4,142447390.2265625
República Mexicana,0,2036,5,142502414.7800926
República Mexicana,0,2036,6,142557196.4343171
República Mexicana,0,2036,7,142611735
República Mexicana,0,2036,8,142666032.0570023
República Mexicana,0,2036,9,142720088.81712964
República Mexicana,0,2036,10,142773904.5390625
República Mexicana,0,2036,11,142827478.48148146
República Mexicana,0,2036,12,142880809.90306714
República Mexicana,0,2037,1,142933898.0625
República Mexicana,0,2037,2,142986742.21846065
República Mexicana,0,2037,3,143039341.62962964
República Mexicana,0,2037,4,143091695.5546875
República Mexicana,0,2037,5,143143803.25231484
República Mexicana,0,2037,6,143195663.98119214
República Mexicana,0,2037,7,143247277
República Mexicana,0,2037,8,143298644.03298613
República Mexicana,0,2037,9,143349766.9861111
República Mexicana,0,2037,10,143400645.390625
República Mexicana,0,2037,11,143451278.7777778
República Mexicana,0,2037,12,143501666.67881945
República Mexicana,0,2038,1,143551808.625
República Mexicana,0,2038,2,143601704.14756945
República Mexicana,0,2038,3,143651352.7777778
República Mexicana,0,2038,4,143700754.046875
República Mexicana,0,2038,5,143749907.48611113
República Mexicana,0,2038,6,143798812.6267361
República Mexicana,0,2038,7,143847469
República Mexicana,0,2038,8,143895878.6869213
República Mexicana,0,2038,9,143944043.52314815
República Mexicana,0,2038,10,143991962.671875
República Mexicana,0,2038,11,144039635.29629627
República Mexicana,0,2038,12,144087060.5596065
República Mexicana,0,2039,1,144134237.625
República Mexicana,0,2039,2,144181165.6556713
República Mexicana,0,2039,3,144227843.81481484
República Mexicana,0,2039,4,144274271.265625
República Mexicana,0,2039,5,144320447.1712963
República Mexicana,0,2039,6,144366370.69502315
República Mexicana,0,2039,7,144412041
República Mexicana,0,2039,8,144457460.04918978
República Mexicana,0,2039,9,144502630.00462964
República Mexicana,0,2039,10,144547550.328125
República Mexicana,0,2039,11,144592220.48148146
República Mexicana,0,2039,12,144636639.92650464
República Mexicana,0,2040,1,144680808.125
República Mexicana,0,2040,2,144724724.53877315
República Mexicana,0,2040,3,144768388.62962964
República Mexicana,0,2040,4,144811799.859375
República Mexicana,0,2040,5,144854957.6898148
República Mexicana,0,2040,6,144897861.58275464
República Mexicana,0,2040,7,144940511
República Mexicana,0,2040,8,144982907.62934026
República Mexicana,0,2040,9,145025053.13194445
República Mexicana,0,2040,10,145066946.9296875
República Mexicana,0,2040,11,145108588.44444445
República Mexicana,0,2040,12,145149977.09809026
República Mexicana,0,2041,1,145191112.3125
República Mexicana,0,2041,2,145231993.5095486
República Mexicana,0,2041,3,145272620.1111111
República Mexicana,0,2041,4,145312991.5390625
República Mexicana,0,2041,5,145353107.2152778
República Mexicana,0,2041,6,145392966.56163195
República Mexicana,0,2041,7,145432569
República Mexicana,0,2041,8,145471915.9401042
República Mexicana,0,2041,9,145511008.90972224
República Mexicana,0,2041,10,145549847.5078125
República Mexicana,0,2041,11,145588431.3333333
República Mexicana,0,2041,12,145626759.98524305
República Mexicana,0,2042,1,145664833.0625
República Mexicana,0,2042,2,145702650.1640625
República Mexicana,0,2042,3,145740210.8888889
República Mexicana,0,2042,4,145777514.8359375
República Mexicana,0,2042,5,145814561.6041667
República Mexicana,0,2042,6,145851350.79253474
República Mexicana,0,2042,7,145887882
República Mexicana,0,2042,8,145924155.7962963
República Mexicana,0,2042,9,145960172.98148146
República Mexicana,0,2042,10,145995933.5
República Mexicana,0,2042,11,146031437.2962963
República Mexicana,0,2042,12,146066684.31481484
República Mexicana,0,2043,1,146101674.5
República Mexicana,0,2043,2,146136407.79629627
República Mexicana,0,2043,3,146170884.14814818
República Mexicana,0,2043,4,146205103.5
República Mexicana,0,2043,5,146239065.79629627
República Mexicana,0,2043,6,146272770.9814815
República Mexicana,0,2043,7,146306219
República Mexicana,0,2043,8,146339409.32465276
República Mexicana,0,2043,9,146372341.68055555
República Mexicana,0,2043,10,146405016.390625
República Mexicana,0,2043,11,146437433.7777778
República Mexicana,0,2043,12,146469594.16493055
República Mexicana,0,2044,1,146501497.875
República Mexicana,0,2044,2,146533145.23090276
República Mexicana,0,2044,3,146564536.55555555
República Mexicana,0,2044,4,146595672.171875
República Mexicana,0,2044,5,146626552.4027778
República Mexicana,0,2044,6,146657177.57118055
República Mexicana,0,2044,7,146687548
República Mexicana,0,2044,8,146717662.8318866
República Mexicana,0,2044,9,146747521.1689815
República Mexicana,0,2044,10,146777123.2734375
República Mexicana,0,2044,11,146806469.4074074
República Mexicana,0,2044,12,146835559.83304396
República Mexicana,0,2045,1,146864394.8125
República Mexicana,0,2045,2,146892974.60792822
República Mexicana,0,2045,3,146921299.4814815
República Mexicana,0,2045,4,146949369.6953125
República Mexicana,0,2045,5,146977185.5115741
República Mexicana,0,2045,6,147004747.192419
República Mexicana,0,2045,7,147032055
República Mexicana,0,2045,8,147059107.87413195
República Mexicana,0,2045,9,147085904.85416666
República Mexicana,0,2045,10,147112446.3515625
República Mexicana,0,2045,11,147138732.77777776
República Mexicana,0,2045,12,147164764.54427084
República Mexicana,0,2046,1,147190542.0625
República Mexicana,0,2046,2,147216065.7439236
República Mexicana,0,2046,3,147241336
República Mexicana,0,2046,4,147266353.2421875
República Mexicana,0,2046,5,147291117.88194445
República Mexicana,0,2046,6,147315630.3307292
República Mexicana,0,2046,7,147339891
República Mexicana,0,2046,8,147363898.54398146
República Mexicana,0,2046,9,147387651.6574074
República Mexicana,0,2046,10,147411150.8125
República Mexicana,0,2046,11,147434396.4814815
República Mexicana,0,2046,12,147457389.13657406
República Mexicana,0,2047,1,147480129.25
República Mexicana,0,2047,2,147502617.29398146
República Mexicana,0,2047,3,147524853.74074075
República Mexicana,0,2047,4,147546839.0625
República Mexicana,0,2047,5,147568573.7314815
República Mexicana,0,2047,6,147590058.2199074
República Mexicana,0,2047,7,147611293
República Mexicana,0,2047,8,147632276.64872685
República Mexicana,0,2047,9,147653007.7453704
República Mexicana,0,2047,10,147673486.765625
República Mexicana,0,2047,11,147693714.18518516
República Mexicana,0,2047,12,147713690.47974536
República Mexicana,0,2048,1,147733416.125
República Mexicana,0,2048,2,147752891.5966435
República Mexicana,0,2048,3,147772117.37037036
República Mexicana,0,2048,4,147791093.921875
República Mexicana,0,2048,5,147809821.72685185
República Mexicana,0,2048,6,147828301.2609954
República Mexicana,0,2048,7,147846533
República Mexicana,0,2048,8,147864515.60908565
República Mexicana,0,2048,9,147882247.7199074
República Mexicana,0,2048,10,147899729.7578125
República Mexicana,0,2048,11,147916962.14814812
República Mexicana,0,2048,12,147933945.3162616
República Mexicana,0,2049,1,147950679.6875
República Mexicana,0,2049,2,147967165.68721065
República Mexicana,0,2049,3,147983403.74074075
República Mexicana,0,2049,4,147999394.2734375
República Mexicana,0,2049,5,148015137.71064815
República Mexicana,0,2049,6,148030634.4777199
República Mexicana,0,2049,7,148045885
República Mexicana,0,2049,8,148060775.33420137
República Mexicana,0,2049,9,148075232.50694445
República Mexicana,0,2049,10,148089318.3984375
República Mexicana,0,2049,11,148103094.88888887
República Mexicana,0,2049,12,148116623.85850692
República Mexicana,0,2050,1,148129967.1875
República Mexicana,0,2050,2,148143186.7560764
República Mexicana,0,2050,3,148156344.44444442
República Mexicana,0,2050,4,148169502.1328125
República Mexicana,0,2050,5,148182721.7013889
República Mexicana,0,2050,6,148196065.03038195
República Mexicana,0,2050,7,148209594
República Mexicana,0,2050,8,148223236.41666666
República Mexicana,0,2050,9,148236878.83333334
República Mexicana,0,2050,10,148250521.25
República Mexicana,0,2050,11,148264163.66666666
República Mexicana,0,2050,12,148277806.08333334
