state_name,state_code,year,month,population,date
Aguascalientes,1,2015,1,1318772.4375,2015-01-01
Aguascalientes,1,2015,2,1321004.5905671297,2015-02-01
Aguascalientes,1,2015,3,1323219.9259259258,2015-03-01
Aguascalientes,1,2015,4,1325414.0390625,2015-04-01
Aguascalientes,1,2015,5,1327582.525462963,2015-05-01
Aguascalientes,1,2015,6,1329720.9806134258,2015-06-01
Aguascalientes,1,2015,7,1331825,2015-07-01
Aguascalientes,1,2015,8,1333899.6553819445,2015-08-01
Aguascalientes,1,2015,9,1335952.9791666667,2015-09-01
Aguascalientes,1,2015,10,1337985.0078125,2015-10-01
Aguascalientes,1,2015,11,1339995.7777777775,2015-11-01
Aguascalientes,1,2015,12,1341985.325520833,2015-12-01
Aguascalientes,1,2016,1,1343953.6875,2016-01-01
Aguascalientes,1,2016,2,1345900.9001736112,2016-02-01
Aguascalientes,1,2016,3,1347827,2016-03-01
Aguascalientes,1,2016,4,1349732.0234375,2016-04-01
Aguascalientes,1,2016,5,1351616.0069444445,2016-05-01
Aguascalientes,1,2016,6,1353478.9869791665,2016-06-01
Aguascalientes,1,2016,7,1355321,2016-07-01
Aguascalientes,1,2016,8,1357133.7725694445,2016-08-01
Aguascalientes,1,2016,9,1358912,2016-09-01
Aguascalientes,1,2016,10,1360660.171875,2016-10-01
Aguascalientes,1,2016,11,1362382.7777777778,2016-11-01
Aguascalientes,1,2016,12,1364084.3072916667,2016-12-01
Aguascalientes,1,2017,1,1365769.25,2017-01-01
Aguascalientes,1,2017,2,1367442.0954861112,2017-02-01
Aguascalientes,1,2017,3,1369107.3333333335,2017-03-01
Aguascalientes,1,2017,4,1370769.453125,2017-04-01
Aguascalientes,1,2017,5,1372432.9444444445,2017-05-01
Aguascalientes,1,2017,6,1374102.296875,2017-06-01
Aguascalientes,1,2017,7,1375782,2017-07-01
Aguascalientes,1,2017,8,1377466.6122685187,2017-08-01
Aguascalientes,1,2017,9,1379147.773148148,2017-09-01
Aguascalientes,1,2017,10,1380825.59375,2017-10-01
Aguascalientes,1,2017,11,1382500.1851851852,2017-11-01
Aguascalientes,1,2017,12,1384171.6585648146,2017-12-01
Aguascalientes,1,2018,1,1385840.125,2018-01-01
Aguascalientes,1,2018,2,1387505.695601852,2018-02-01
Aguascalientes,1,2018,3,1389168.4814814816,2018-03-01
Aguascalientes,1,2018,4,1390828.59375,2018-04-01
Aguascalientes,1,2018,5,1392486.1435185184,2018-05-01
Aguascalientes,1,2018,6,1394141.241898148,2018-06-01
Aguascalientes,1,2018,7,1395794,2018-07-01
Aguascalientes,1,2018,8,1397444.3773148148,2018-08-01
Aguascalientes,1,2018,9,1399092.226851852,2018-09-01
Aguascalientes,1,2018,10,1400737.5,2018-10-01
Aguascalientes,1,2018,11,1402380.1481481483,2018-11-01
Aguascalientes,1,2018,12,1404020.1226851852,2018-12-01
Aguascalientes,1,2019,1,1405657.375,2019-01-01
Aguascalientes,1,2019,2,1407291.8564814816,2019-02-01
Aguascalientes,1,2019,3,1408923.5185185187,2019-03-01
Aguascalientes,1,2019,4,1410552.3125,2019-04-01
Aguascalientes,1,2019,5,1412178.1898148148,2019-05-01
Aguascalientes,1,2019,6,1413801.101851852,2019-06-01
Aguascalientes,1,2019,7,1415421,2019-07-01
Aguascalientes,1,2019,8,1417037.8900462962,2019-08-01
Aguascalientes,1,2019,9,1418651.8287037038,2019-09-01
Aguascalientes,1,2019,10,1420262.84375,2019-10-01
Aguascalientes,1,2019,11,1421870.962962963,2019-11-01
Aguascalientes,1,2019,12,1423476.2141203703,2019-12-01
Baja California,2,2015,1,3341250.4375,2015-01-01
Baja California,2,2015,2,3343742.331886574,2015-02-01
Baja California,2,2015,3,3346303.703703704,2015-03-01
Baja California,2,2015,4,3348962.0546875,2015-04-01
Baja California,2,2015,5,3351744.8865740746,2015-05-01
Baja California,2,2015,6,3354679.701099537,2015-06-01
Baja California,2,2015,7,3357794,2015-07-01
Baja California,2,2015,8,3361055.5992476847,2015-08-01
Baja California,2,2015,9,3364414.016203704,2015-09-01
Baja California,2,2015,10,3367869.3046875,2015-10-01
Baja California,2,2015,11,3371421.518518518,2015-11-01
Baja California,2,2015,12,3375070.711516204,2015-12-01
Baja California,2,2016,1,3378816.9375,2016-01-01
Baja California,2,2016,2,3382660.2502893517,2016-02-01
Baja California,2,2016,3,3386600.7037037034,2016-03-01
Baja California,2,2016,4,3390638.3515625,2016-04-01
Baja California,2,2016,5,3394773.2476851847,2016-05-01
Baja California,2,2016,6,3399005.445891204,2016-06-01
Baja California,2,2016,7,3403335,2016-07-01
Baja California,2,2016,8,3407810.1090856483,2016-08-01
Baja California,2,2016,9,3412461.386574074,2016-09-01
Baja California,2,2016,10,3417262.5078125,2016-10-01
Baja California,2,2016,11,3422187.148148148,2016-11-01
Baja California,2,2016,12,3427208.982928241,2016-12-01
Baja California,2,2017,1,3432301.6875,2017-01-01
Baja California,2,2017,2,3437438.937210648,2017-02-01
Baja California,2,2017,3,3442594.4074074076,2017-03-01
Baja California,2,2017,4,3447741.7734375,2017-04-01
Baja California,2,2017,5,3452854.710648148,2017-05-01
Baja California,2,2017,6,3457906.894386574,2017-06-01
Baja California,2,2017,7,3462872,2017-07-01
Baja California,2,2017,8,3467780.37037037,2017-08-01
Baja California,2,2017,9,3472680.0324074076,2017-09-01
Baja California,2,2017,10,3477571.1875,2017-10-01
Baja California,2,2017,11,3482454.0370370364,2017-11-01
Baja California,2,2017,12,3487328.7824074076,2017-12-01
Baja California,2,2018,1,3492195.625,2018-01-01
Baja California,2,2018,2,3497054.7662037034,2018-02-01
Baja California,2,2018,3,3501906.407407407,2018-03-01
Baja California,2,2018,4,3506750.75,2018-04-01
Baja California,2,2018,5,3511587.9953703703,2018-05-01
Baja California,2,2018,6,3516418.344907407,2018-06-01
Baja California,2,2018,7,3521242,2018-07-01
Baja California,2,2018,8,3526058.6015624995,2018-08-01
Baja California,2,2018,9,3530867.701388889,2018-09-01
Baja California,2,2018,10,3535669.3671875,2018-10-01
Baja California,2,2018,11,3540463.6666666665,2018-11-01
Baja California,2,2018,12,3545250.6675347225,2018-12-01
Baja California,2,2019,1,3550030.4375,2019-01-01
Baja California,2,2019,2,3554803.0442708335,2019-02-01
Baja California,2,2019,3,3559568.5555555555,2019-03-01
Baja California,2,2019,4,3564327.0390625,2019-04-01
Baja California,2,2019,5,3569078.5624999995,2019-05-01
Baja California,2,2019,6,3573823.1935763885,2019-06-01
Baja California,2,2019,7,3578561,2019-07-01
Baja California,2,2019,8,3583291.9123263885,2019-08-01
Baja California,2,2019,9,3588015.8125,2019-09-01
Baja California,2,2019,10,3592732.6953125,2019-10-01
Baja California,2,2019,11,3597442.5555555555,2019-11-01
Baja California,2,2019,12,3602145.388020833,2019-12-01
Baja California Sur,3,2015,1,711383.875,2015-01-01
Baja California Sur,3,2015,2,712789.6660879629,2015-02-01
Baja California Sur,3,2015,3,714196.2592592593,2015-03-01
Baja California Sur,3,2015,4,715604.421875,2015-04-01
Baja California Sur,3,2015,5,717014.9212962963,2015-05-01
Baja California Sur,3,2015,6,718428.5248842593,2015-06-01
Baja California Sur,3,2015,7,719846,2015-07-01
Baja California Sur,3,2015,8,721266.7696759258,2015-08-01
Baja California Sur,3,2015,9,722689.6296296295,2015-09-01
Baja California Sur,3,2015,10,724114.40625,2015-10-01
Baja California Sur,3,2015,11,725540.9259259258,2015-11-01
Baja California Sur,3,2015,12,726969.0150462963,2015-12-01
Baja California Sur,3,2016,1,728398.5,2016-01-01
Baja California Sur,3,2016,2,729829.207175926,2016-02-01
Baja California Sur,3,2016,3,731260.962962963,2016-03-01
Baja California Sur,3,2016,4,732693.59375,2016-04-01
Baja California Sur,3,2016,5,734126.9259259258,2016-05-01
Baja California Sur,3,2016,6,735560.7858796297,2016-06-01
Baja California Sur,3,2016,7,736995,2016-07-01
Baja California Sur,3,2016,8,738430.970775463,2016-08-01
Baja California Sur,3,2016,9,739869.7800925926,2016-09-01
Baja California Sur,3,2016,10,741310.7734375,2016-10-01
Baja California Sur,3,2016,11,742753.2962962963,2016-11-01
Baja California Sur,3,2016,12,744196.6941550927,2016-12-01
Baja California Sur,3,2017,1,745640.3125,2017-01-01
Baja California Sur,3,2017,2,747083.4968171295,2017-02-01
Baja California Sur,3,2017,3,748525.5925925927,2017-03-01
Baja California Sur,3,2017,4,749965.9453125,2017-04-01
Baja California Sur,3,2017,5,751403.9004629629,2017-05-01
Baja California Sur,3,2017,6,752838.8035300926,2017-06-01
Baja California Sur,3,2017,7,754270,2017-07-01
Baja California Sur,3,2017,8,755698.0879629629,2017-08-01
Baja California Sur,3,2017,9,757124.1620370371,2017-09-01
Baja California Sur,3,2017,10,758548.3125,2017-10-01
Baja California Sur,3,2017,11,759970.6296296297,2017-11-01
Baja California Sur,3,2017,12,761391.2037037037,2017-12-01
Baja California Sur,3,2018,1,762810.125,2018-01-01
Baja California Sur,3,2018,2,764227.4837962963,2018-02-01
Baja California Sur,3,2018,3,765643.3703703703,2018-03-01
Baja California Sur,3,2018,4,767057.875,2018-04-01
Baja California Sur,3,2018,5,768471.087962963,2018-05-01
Baja California Sur,3,2018,6,769883.099537037,2018-06-01
Baja California Sur,3,2018,7,771294,2018-07-01
Baja California Sur,3,2018,8,772703.8017939816,2018-08-01
Baja California Sur,3,2018,9,774112.4143518518,2018-09-01
Baja California Sur,3,2018,10,775519.7734375,2018-10-01
Baja California Sur,3,2018,11,776925.8148148148,2018-11-01
Baja California Sur,3,2018,12,778330.4742476852,2018-12-01
Baja California Sur,3,2019,1,779733.6875,2019-01-01
Baja California Sur,3,2019,2,781135.3903356481,2019-02-01
Baja California Sur,3,2019,3,782535.5185185185,2019-03-01
Baja California Sur,3,2019,4,783934.0078125,2019-04-01
Baja California Sur,3,2019,5,785330.7939814816,2019-05-01
Baja California Sur,3,2019,6,786725.8127893518,2019-06-01
Baja California Sur,3,2019,7,788119,2019-07-01
Baja California Sur,3,2019,8,789510.4369212963,2019-08-01
Baja California Sur,3,2019,9,790900.2453703703,2019-09-01
Baja California Sur,3,2019,10,792288.421875,2019-10-01
Baja California Sur,3,2019,11,793674.9629629629,2019-11-01
Baja California Sur,3,2019,12,795059.8651620371,2019-12-01
Campeche,4,2015,1,908715.125,2015-01-01
Campeche,4,2015,2,910060.5185185185,2015-02-01
Campeche,4,2015,3,911407.0370370371,2015-03-01
Campeche,4,2015,4,912756.0625,2015-04-01
Campeche,4,2015,5,914108.9768518519,2015-05-01
Campeche,4,2015,6,915467.162037037,2015-06-01
Campeche,4,2015,7,916832,2015-07-01
Campeche,4,2015,8,918201.6970486111,2015-08-01
Campeche,4,2015,9,919573.6041666666,2015-09-01
Campeche,4,2015,10,920947.8203125,2015-10-01
Campeche,4,2015,11,922324.4444444445,2015-11-01
Campeche,4,2015,12,923703.5755208333,2015-12-01
Campeche,4,2016,1,925085.3125,2016-01-01
Campeche,4,2016,2,926469.7543402778,2016-02-01
Campeche,4,2016,3,927857,2016-03-01
Campeche,4,2016,4,929247.1484375,2016-04-01
Campeche,4,2016,5,930640.2986111111,2016-05-01
Campeche,4,2016,6,932036.5494791666,2016-06-01
Campeche,4,2016,7,933436,2016-07-01
Campeche,4,2016,8,934840.3776041667,2016-08-01
Campeche,4,2016,9,936250.6736111111,2016-09-01
Campeche,4,2016,10,937665.8828125,2016-10-01
Campeche,4,2016,11,939084.9999999999,2016-11-01
Campeche,4,2016,12,940507.0199652779,2016-12-01
Campeche,4,2017,1,941930.9375,2017-01-01
Campeche,4,2017,2,943355.7473958334,2017-02-01
Campeche,4,2017,3,944780.4444444445,2017-03-01
Campeche,4,2017,4,946204.0234375,2017-04-01
Campeche,4,2017,5,947625.4791666667,2017-05-01
Campeche,4,2017,6,949043.8064236111,2017-06-01
Campeche,4,2017,7,950458,2017-07-01
Campeche,4,2017,8,951869.1467013889,2017-08-01
Campeche,4,2017,9,953279.0347222221,2017-09-01
Campeche,4,2017,10,954687.7109375,2017-10-01
Campeche,4,2017,11,956095.2222222221,2017-11-01
Campeche,4,2017,12,957501.6154513889,2017-12-01
Campeche,4,2018,1,958906.9375,2018-01-01
Campeche,4,2018,2,960311.2352430555,2018-02-01
Campeche,4,2018,3,961714.5555555556,2018-03-01
Campeche,4,2018,4,963116.9453125,2018-04-01
Campeche,4,2018,5,964518.451388889,2018-05-01
Campeche,4,2018,6,965919.1206597221,2018-06-01
Campeche,4,2018,7,967319,2018-07-01
Campeche,4,2018,8,968718.1047453703,2018-08-01
Campeche,4,2018,9,970116.3935185185,2018-09-01
Campeche,4,2018,10,971513.828125,2018-10-01
Campeche,4,2018,11,972910.3703703705,2018-11-01
Campeche,4,2018,12,974305.9820601852,2018-12-01
Campeche,4,2019,1,975700.625,2019-01-01
Campeche,4,2019,2,977094.2609953703,2019-02-01
Campeche,4,2019,3,978486.8518518518,2019-03-01
Campeche,4,2019,4,979878.359375,2019-04-01
Campeche,4,2019,5,981268.7453703703,2019-05-01
Campeche,4,2019,6,982657.9716435185,2019-06-01
Campeche,4,2019,7,984046,2019-07-01
Campeche,4,2019,8,985432.9418402779,2019-08-01
Campeche,4,2019,9,986818.9097222222,2019-09-01
Campeche,4,2019,10,988203.8671875,2019-10-01
Campeche,4,2019,11,989587.7777777778,2019-11-01
Campeche,4,2019,12,990970.6050347224,2019-12-01
Coahuila,5,2015,1,2980332.8125,2015-01-01
Coahuila,5,2015,2,2983661.3197337966,2015-02-01
Coahuila,5,2015,3,2986997.592592593,2015-03-01
Coahuila,5,2015,4,2990348.4140625,2015-04-01
Coahuila,5,2015,5,2993720.5671296297,2015-05-01
Coahuila,5,2015,6,2997120.8347800924,2015-06-01
Coahuila,5,2015,7,3000556,2015-07-01
Coahuila,5,2015,8,3004017.5477430555,2015-08-01
Coahuila,5,2015,9,3007492.6597222225,2015-09-01
Coahuila,5,2015,10,3010981.6640625,2015-10-01
Coahuila,5,2015,11,3014484.888888889,2015-11-01
Coahuila,5,2015,12,3018002.662326389,2015-12-01
Coahuila,5,2016,1,3021535.3125,2016-01-01
Coahuila,5,2016,2,3025083.167534722,2016-02-01
Coahuila,5,2016,3,3028646.555555556,2016-03-01
Coahuila,5,2016,4,3032225.8046875,2016-04-01
Coahuila,5,2016,5,3035821.243055556,2016-05-01
Coahuila,5,2016,6,3039433.1987847225,2016-06-01
Coahuila,5,2016,7,3043062,2016-07-01
Coahuila,5,2016,8,3046716.522858796,2016-08-01
Coahuila,5,2016,9,3050402.0578703703,2016-09-01
Coahuila,5,2016,10,3054113.5546875,2016-10-01
Coahuila,5,2016,11,3057845.9629629627,2016-11-01
Coahuila,5,2016,12,3061594.2323495373,2016-12-01
Coahuila,5,2017,1,3065353.3125,2017-01-01
Coahuila,5,2017,2,3069118.153067129,2017-02-01
Coahuila,5,2017,3,3072883.7037037034,2017-03-01
Coahuila,5,2017,4,3076644.9140625,2017-04-01
Coahuila,5,2017,5,3080396.733796296,2017-05-01
Coahuila,5,2017,6,3084134.1125578703,2017-06-01
Coahuila,5,2017,7,3087852,2017-07-01
Coahuila,5,2017,8,3091556.014467593,2017-08-01
Coahuila,5,2017,9,3095255.2407407407,2017-09-01
Coahuila,5,2017,10,3098949.828125,2017-10-01
Coahuila,5,2017,11,3102639.9259259254,2017-11-01
Coahuila,5,2017,12,3106325.683449074,2017-12-01
Coahuila,5,2018,1,3110007.25,2018-01-01
Coahuila,5,2018,2,3113684.7748842593,2018-02-01
Coahuila,5,2018,3,3117358.4074074076,2018-03-01
Coahuila,5,2018,4,3121028.296875,2018-04-01
Coahuila,5,2018,5,3124694.592592593,2018-05-01
Coahuila,5,2018,6,3128357.443865741,2018-06-01
Coahuila,5,2018,7,3132017,2018-07-01
Coahuila,5,2018,8,3135673.1186342593,2018-08-01
Coahuila,5,2018,9,3139325.546296296,2018-09-01
Coahuila,5,2018,10,3142974.265625,2018-10-01
Coahuila,5,2018,11,3146619.259259259,2018-11-01
Coahuila,5,2018,12,3150260.509837963,2018-12-01
Coahuila,5,2019,1,3153898,2019-01-01
Coahuila,5,2019,2,3157531.7123842593,2019-02-01
Coahuila,5,2019,3,3161161.629629629,2019-03-01
Coahuila,5,2019,4,3164787.734375,2019-04-01
Coahuila,5,2019,5,3168410.0092592593,2019-05-01
Coahuila,5,2019,6,3172028.436921296,2019-06-01
Coahuila,5,2019,7,3175643,2019-07-01
Coahuila,5,2019,8,3179253.683738426,2019-08-01
Coahuila,5,2019,9,3182860.497685185,2019-09-01
Coahuila,5,2019,10,3186463.4609375,2019-10-01
Coahuila,5,2019,11,3190062.592592592,2019-11-01
Coahuila,5,2019,12,3193657.911747685,2019-12-01
Colima,6,2015,1,715239.6875,2015-01-01
Colima,6,2015,2,716315.0321180556,2015-02-01
Colima,6,2015,3,717389.7777777778,2015-03-01
Colima,6,2015,4,718464.5859375,2015-04-01
Colima,6,2015,5,719540.1180555556,2015-05-01
Colima,6,2015,6,720617.0355902778,2015-06-01
Colima,6,2015,7,721696,2015-07-01
Colima,6,2015,8,722776.3541666666,2015-08-01
Colima,6,2015,9,723856.9583333333,2015-09-01
Colima,6,2015,10,724937.75,2015-10-01
Colima,6,2015,11,726018.6666666665,2015-11-01
Colima,6,2015,12,727099.6458333333,2015-12-01
Colima,6,2016,1,728180.625,2016-01-01
Colima,6,2016,2,729261.5416666667,2016-02-01
Colima,6,2016,3,730342.3333333334,2016-03-01
Colima,6,2016,4,731422.9375,2016-04-01
Colima,6,2016,5,732503.2916666667,2016-05-01
Colima,6,2016,6,733583.3333333333,2016-06-01
Colima,6,2016,7,734663,2016-07-01
Colima,6,2016,8,735742.9470486111,2016-08-01
Colima,6,2016,9,736823.6597222222,2016-09-01
Colima,6,2016,10,737904.8203125,2016-10-01
Colima,6,2016,11,738986.1111111111,2016-11-01
Colima,6,2016,12,740067.2144097222,2016-12-01
Colima,6,2017,1,741147.8125,2017-01-01
Colima,6,2017,2,742227.5876736111,2017-02-01
Colima,6,2017,3,743306.2222222222,2017-03-01
Colima,6,2017,4,744383.3984375,2017-04-01
Colima,6,2017,5,745458.7986111111,2017-05-01
Colima,6,2017,6,746532.1050347222,2017-06-01
Colima,6,2017,7,747603,2017-07-01
Colima,6,2017,8,748671.8891782408,2017-08-01
Colima,6,2017,9,749739.3773148148,2017-09-01
Colima,6,2017,10,750805.4453125,2017-10-01
Colima,6,2017,11,751870.074074074,2017-11-01
Colima,6,2017,12,752933.244502315,2017-12-01
Colima,6,2018,1,753994.9375,2018-01-01
Colima,6,2018,2,755055.1339699074,2018-02-01
Colima,6,2018,3,756113.8148148148,2018-03-01
Colima,6,2018,4,757170.9609375,2018-04-01
Colima,6,2018,5,758226.5532407407,2018-05-01
Colima,6,2018,6,759280.5726273148,2018-06-01
Colima,6,2018,7,760333,2018-07-01
Colima,6,2018,8,761383.7844328703,2018-08-01
Colima,6,2018,9,762432.9143518518,2018-09-01
Colima,6,2018,10,763480.4296875,2018-10-01
Colima,6,2018,11,764526.3703703702,2018-11-01
Colima,6,2018,12,765570.7763310184,2018-12-01
Colima,6,2019,1,766613.6875,2019-01-01
Colima,6,2019,2,767655.1438078703,2019-02-01
Colima,6,2019,3,768695.1851851852,2019-03-01
Colima,6,2019,4,769733.8515625,2019-04-01
Colima,6,2019,5,770771.1828703703,2019-05-01
Colima,6,2019,6,771807.2190393518,2019-06-01
Colima,6,2019,7,772842,2019-07-01
Colima,6,2019,8,773875.5460069444,2019-08-01
Colima,6,2019,9,774907.8263888889,2019-09-01
Colima,6,2019,10,775938.8046875,2019-10-01
Colima,6,2019,11,776968.4444444444,2019-11-01
Colima,6,2019,12,777996.7092013888,2019-12-01
Chiapas,7,2015,1,5264470.6875,2015-01-01
Chiapas,7,2015,2,5271711.327835648,2015-02-01
Chiapas,7,2015,3,5278941.296296296,2015-03-01
Chiapas,7,2015,4,5286163.8203125,2015-04-01
Chiapas,7,2015,5,5293382.127314815,2015-05-01
Chiapas,7,2015,6,5300599.444733797,2015-06-01
Chiapas,7,2015,7,5307819,2015-07-01
Chiapas,7,2015,8,5315035.897858797,2015-08-01
Chiapas,7,2015,9,5322243.502314814,2015-09-01
Chiapas,7,2015,10,5329442.4296875,2015-10-01
Chiapas,7,2015,11,5336633.296296296,2015-11-01
Chiapas,7,2015,12,5343816.718460648,2015-12-01
Chiapas,7,2016,1,5350993.3125,2016-01-01
Chiapas,7,2016,2,5358163.694733796,2016-02-01
Chiapas,7,2016,3,5365328.481481481,2016-03-01
Chiapas,7,2016,4,5372488.2890625,2016-04-01
Chiapas,7,2016,5,5379643.733796297,2016-05-01
Chiapas,7,2016,6,5386795.432002315,2016-06-01
Chiapas,7,2016,7,5393944,2016-07-01
Chiapas,7,2016,8,5401089.272569444,2016-08-01
Chiapas,7,2016,9,5408230.472222222,2016-09-01
Chiapas,7,2016,10,5415367.296875,2016-10-01
Chiapas,7,2016,11,5422499.444444444,2016-11-01
Chiapas,7,2016,12,5429626.612847222,2016-12-01
Chiapas,7,2017,1,5436748.5,2017-01-01
Chiapas,7,2017,2,5443864.803819444,2017-02-01
Chiapas,7,2017,3,5450975.222222222,2017-03-01
Chiapas,7,2017,4,5458079.453125,2017-04-01
Chiapas,7,2017,5,5465177.194444444,2017-05-01
Chiapas,7,2017,6,5472268.144097222,2017-06-01
Chiapas,7,2017,7,5479352,2017-07-01
Chiapas,7,2017,8,5486428.996817131,2017-08-01
Chiapas,7,2017,9,5493499.613425925,2017-09-01
Chiapas,7,2017,10,5500563.9140625,2017-10-01
Chiapas,7,2017,11,5507621.962962962,2017-11-01
Chiapas,7,2017,12,5514673.824363425,2017-12-01
Chiapas,7,2018,1,5521719.5625,2018-01-01
Chiapas,7,2018,2,5528759.241608796,2018-02-01
Chiapas,7,2018,3,5535792.925925925,2018-03-01
Chiapas,7,2018,4,5542820.6796875,2018-04-01
Chiapas,7,2018,5,5549842.56712963,2018-05-01
Chiapas,7,2018,6,5556858.652488425,2018-06-01
Chiapas,7,2018,7,5563869,2018-07-01
Chiapas,7,2018,8,5570873.451967592,2018-08-01
Chiapas,7,2018,9,5577871.837962963,2018-09-01
Chiapas,7,2018,10,5584864.203125,2018-10-01
Chiapas,7,2018,11,5591850.592592592,2018-11-01
Chiapas,7,2018,12,5598831.05150463,2018-12-01
Chiapas,7,2019,1,5605805.625,2019-01-01
Chiapas,7,2019,2,5612774.358217593,2019-02-01
Chiapas,7,2019,3,5619737.296296296,2019-03-01
Chiapas,7,2019,4,5626694.484375,2019-04-01
Chiapas,7,2019,5,5633645.967592592,2019-05-01
Chiapas,7,2019,6,5640591.791087962,2019-06-01
Chiapas,7,2019,7,5647532,2019-07-01
Chiapas,7,2019,8,5654466.538483797,2019-08-01
Chiapas,7,2019,9,5661395.32175926,2019-09-01
Chiapas,7,2019,10,5668318.3515625,2019-10-01
Chiapas,7,2019,11,5675235.629629629,2019-11-01
Chiapas,7,2019,12,5682147.15769676,2019-12-01
Chihuahua,8,2015,1,3603144.0625,2015-01-01
Chihuahua,8,2015,2,3605235.408275463,2015-02-01
Chihuahua,8,2015,3,3607357.814814815,2015-03-01
Chihuahua,8,2015,4,3609527.4296875,2015-04-01
Chihuahua,8,2015,5,3611760.400462963,2015-05-01
Chihuahua,8,2015,6,3614072.874710648,2015-06-01
Chihuahua,8,2015,7,3616481,2015-07-01
Chihuahua,8,2015,8,3618965.144965278,2015-08-01
Chihuahua,8,2015,9,3621495.201388889,2015-09-01
Chihuahua,8,2015,10,3624071.6015625,2015-10-01
Chihuahua,8,2015,11,3626694.777777778,2015-11-01
Chihuahua,8,2015,12,3629365.162326389,2015-12-01
Chihuahua,8,2016,1,3632083.1875,2016-01-01
Chihuahua,8,2016,2,3634849.2855902775,2016-02-01
Chihuahua,8,2016,3,3637663.888888889,2016-03-01
Chihuahua,8,2016,4,3640527.4296875,2016-04-01
Chihuahua,8,2016,5,3643440.340277778,2016-05-01
Chihuahua,8,2016,6,3646403.0529513885,2016-06-01
Chihuahua,8,2016,7,3649416,2016-07-01
Chihuahua,8,2016,8,3652505.5500578703,2016-08-01
Chihuahua,8,2016,9,3655688.011574074,2016-09-01
Chihuahua,8,2016,10,3658948.7265625,2016-10-01
Chihuahua,8,2016,11,3662273.037037037,2016-11-01
Chihuahua,8,2016,12,3665646.2850115746,2016-12-01
Chihuahua,8,2017,1,3669053.8125,2017-01-01
Chihuahua,8,2017,2,3672480.961516204,2017-02-01
Chihuahua,8,2017,3,3675913.074074074,2017-03-01
Chihuahua,8,2017,4,3679335.4921875,2017-04-01
Chihuahua,8,2017,5,3682733.5578703703,2017-05-01
Chihuahua,8,2017,6,3686092.613136574,2017-06-01
Chihuahua,8,2017,7,3689398,2017-07-01
Chihuahua,8,2017,8,3692666.338831018,2017-08-01
Chihuahua,8,2017,9,3695924.1967592593,2017-09-01
Chihuahua,8,2017,10,3699171.8359375,2017-10-01
Chihuahua,8,2017,11,3702409.518518518,2017-11-01
Chihuahua,8,2017,12,3705637.5066550933,2017-12-01
Chihuahua,8,2018,1,3708856.0625,2018-01-01
Chihuahua,8,2018,2,3712065.4482060187,2018-02-01
Chihuahua,8,2018,3,3715265.9259259263,2018-03-01
Chihuahua,8,2018,4,3718457.7578125,2018-04-01
Chihuahua,8,2018,5,3721641.2060185187,2018-05-01
Chihuahua,8,2018,6,3724816.53269676,2018-06-01
Chihuahua,8,2018,7,3727984,2018-07-01
Chihuahua,8,2018,8,3731143.0920138885,2018-08-01
Chihuahua,8,2018,9,3734293.1944444445,2018-09-01
Chihuahua,8,2018,10,3737434.421875,2018-10-01
Chihuahua,8,2018,11,3740566.8888888885,2018-11-01
Chihuahua,8,2018,12,3743690.7100694445,2018-12-01
Chihuahua,8,2019,1,3746806,2019-01-01
Chihuahua,8,2019,2,3749912.8732638885,2019-02-01
Chihuahua,8,2019,3,3753011.444444445,2019-03-01
Chihuahua,8,2019,4,3756101.828125,2019-04-01
Chihuahua,8,2019,5,3759184.1388888885,2019-05-01
Chihuahua,8,2019,6,3762258.491319445,2019-06-01
Chihuahua,8,2019,7,3765325,2019-07-01
Chihuahua,8,2019,8,3768383.4166666665,2019-08-01
Chihuahua,8,2019,9,3771433.4583333335,2019-09-01
Chihuahua,8,2019,10,3774475.1875,2019-10-01
Chihuahua,8,2019,11,3777508.6666666665,2019-11-01
Chihuahua,8,2019,12,3780533.9583333335,2019-12-01
Ciudad de México,9,2015,1,9060936.5625,2015-01-01
Ciudad de México,9,2015,2,9060586.029803239,2015-02-01
Ciudad de México,9,2015,3,9060214.925925925,2015-03-01
Ciudad de México,9,2015,4,9059833.7109375,2015-04-01
Ciudad de México,9,2015,5,9059452.844907409,2015-05-01
Ciudad de México,9,2015,6,9059082.787905093,2015-06-01
Ciudad de México,9,2015,7,9058734,2015-07-01
Ciudad de México,9,2015,8,9058390.15277778,2015-08-01
Ciudad de México,9,2015,9,9058029.444444444,2015-09-01
Ciudad de México,9,2015,10,9057654.125,2015-10-01
Ciudad de México,9,2015,11,9057266.444444446,2015-11-01
Ciudad de México,9,2015,12,9056868.652777776,2015-12-01
Ciudad de México,9,2016,1,9056463,2016-01-01
Ciudad de México,9,2016,2,9056051.736111112,2016-02-01
Ciudad de México,9,2016,3,9055637.11111111,2016-03-01
Ciudad de México,9,2016,4,9055221.375,2016-04-01
Ciudad de México,9,2016,5,9054806.777777778,2016-05-01
Ciudad de México,9,2016,6,9054395.569444444,2016-06-01
Ciudad de México,9,2016,7,9053990,2016-07-01
Ciudad de México,9,2016,8,9053595.805844909,2016-08-01
Ciudad de México,9,2016,9,9053214.18287037,2016-09-01
Ciudad de México,9,2016,10,9052840.5703125,2016-10-01
Ciudad de México,9,2016,11,9052470.407407407,2016-11-01
Ciudad de México,9,2016,12,9052099.133391203,2016-12-01
Ciudad de México,9,2017,1,9051722.1875,2017-01-01
Ciudad de México,9,2017,2,9051335.008969907,2017-02-01
Ciudad de México,9,2017,3,9050933.037037037,2017-03-01
Ciudad de México,9,2017,4,9050511.7109375,2017-04-01
Ciudad de México,9,2017,5,9050066.469907407,2017-05-01
Ciudad de México,9,2017,6,9049592.75318287,2017-06-01
Ciudad de México,9,2017,7,9049086,2017-07-01
Ciudad de México,9,2017,8,9048550.58912037,2017-08-01
Ciudad de México,9,2017,9,9047994.282407407,2017-09-01
Ciudad de México,9,2017,10,9047417.59375,2017-10-01
Ciudad de México,9,2017,11,9046821.037037037,2017-11-01
Ciudad de México,9,2017,12,9046205.126157407,2017-12-01
Ciudad de México,9,2018,1,9045570.375,2018-01-01
Ciudad de México,9,2018,2,9044917.297453703,2018-02-01
Ciudad de México,9,2018,3,9044246.407407407,2018-03-01
Ciudad de México,9,2018,4,9043558.21875,2018-04-01
Ciudad de México,9,2018,5,9042853.24537037,2018-05-01
Ciudad de México,9,2018,6,9042132.001157407,2018-06-01
Ciudad de México,9,2018,7,9041395,2018-07-01
Ciudad de México,9,2018,8,9040641.308159722,2018-08-01
Ciudad de México,9,2018,9,9039869.770833334,2018-09-01
Ciudad de México,9,2018,10,9039080.5703125,2018-10-01
Ciudad de México,9,2018,11,9038273.888888888,2018-11-01
Ciudad de México,9,2018,12,9037449.908854166,2018-12-01
Ciudad de México,9,2019,1,9036608.8125,2019-01-01
Ciudad de México,9,2019,2,9035750.782118056,2019-02-01
Ciudad de México,9,2019,3,9034875.999999998,2019-03-01
Ciudad de México,9,2019,4,9033984.6484375,2019-04-01
Ciudad de México,9,2019,5,9033076.909722222,2019-05-01
Ciudad de México,9,2019,6,9032152.966145832,2019-06-01
Ciudad de México,9,2019,7,9031213,2019-07-01
Ciudad de México,9,2019,8,9030256.36574074,2019-08-01
Ciudad de México,9,2019,9,9029282.453703703,2019-09-01
Ciudad de México,9,2019,10,9028291.5,2019-10-01
Ciudad de México,9,2019,11,9027283.74074074,2019-11-01
Ciudad de México,9,2019,12,9026259.412037037,2019-12-01
Durango,10,2015,1,1770127.875,2015-01-01
Durango,10,2015,2,1772091.0127314816,2015-02-01
Durango,10,2015,3,1774036.4074074074,2015-03-01
Durango,10,2015,4,1775960.78125,2015-04-01
Durango,10,2015,5,1777860.8564814813,2015-05-01
Durango,10,2015,6,1779733.355324074,2015-06-01
Durango,10,2015,7,1781575,2015-07-01
Durango,10,2015,8,1783389.0734953703,2015-08-01
Durango,10,2015,9,1785181.2407407407,2015-09-01
Durango,10,2015,10,1786951.796875,2015-10-01
Durango,10,2015,11,1788701.037037037,2015-11-01
Durango,10,2015,12,1790429.2563657407,2015-12-01
Durango,10,2016,1,1792136.75,2016-01-01
Durango,10,2016,2,1793823.8130787038,2016-02-01
Durango,10,2016,3,1795490.7407407407,2016-03-01
Durango,10,2016,4,1797137.828125,2016-04-01
Durango,10,2016,5,1798765.3703703703,2016-05-01
Durango,10,2016,6,1800373.6626157407,2016-06-01
Durango,10,2016,7,1801963,2016-07-01
Durango,10,2016,8,1803525.7430555555,2016-08-01
Durango,10,2016,9,1805056.7083333335,2016-09-01
Durango,10,2016,10,1806559.875,2016-10-01
Durango,10,2016,11,1808039.2222222222,2016-11-01
Durango,10,2016,12,1809498.7291666667,2016-12-01
Durango,10,2017,1,1810942.375,2017-01-01
Durango,10,2017,2,1812374.1388888888,2017-02-01
Durango,10,2017,3,1813798,2017-03-01
Durango,10,2017,4,1815217.9375,2017-04-01
Durango,10,2017,5,1816637.9305555555,2017-05-01
Durango,10,2017,6,1818061.9583333333,2017-06-01
Durango,10,2017,7,1819494,2017-07-01
Durango,10,2017,8,1820929.1235532404,2017-08-01
Durango,10,2017,9,1822359.8495370373,2017-09-01
Durango,10,2017,10,1823786.3359375,2017-10-01
Durango,10,2017,11,1825208.7407407407,2017-11-01
Durango,10,2017,12,1826627.2219328703,2017-12-01
Durango,10,2018,1,1828041.9375,2018-01-01
Durango,10,2018,2,1829453.045428241,2018-02-01
Durango,10,2018,3,1830860.7037037038,2018-03-01
Durango,10,2018,4,1832265.0703125,2018-04-01
Durango,10,2018,5,1833666.3032407407,2018-05-01
Durango,10,2018,6,1835064.560474537,2018-06-01
Durango,10,2018,7,1836460,2018-07-01
Durango,10,2018,8,1837852.3547453706,2018-08-01
Durango,10,2018,9,1839241.2824074072,2018-09-01
Durango,10,2018,10,1840626.828125,2018-10-01
Durango,10,2018,11,1842009.0370370368,2018-11-01
Durango,10,2018,12,1843387.9542824072,2018-12-01
Durango,10,2019,1,1844763.625,2019-01-01
Durango,10,2019,2,1846136.0943287036,2019-02-01
Durango,10,2019,3,1847505.4074074072,2019-03-01
Durango,10,2019,4,1848871.609375,2019-04-01
Durango,10,2019,5,1850234.7453703703,2019-05-01
Durango,10,2019,6,1851594.8605324072,2019-06-01
Durango,10,2019,7,1852952,2019-07-01
Durango,10,2019,8,1854306.015625,2019-08-01
Durango,10,2019,9,1855656.763888889,2019-09-01
Durango,10,2019,10,1857004.296875,2019-10-01
Durango,10,2019,11,1858348.6666666665,2019-11-01
Durango,10,2019,12,1859689.9253472222,2019-12-01
Guanajuato,11,2015,1,5894875.4375,2015-01-01
Guanajuato,11,2015,2,5900936.062789352,2015-02-01
Guanajuato,11,2015,3,5906960.592592593,2015-03-01
Guanajuato,11,2015,4,5912945.0390625,2015-04-01
Guanajuato,11,2015,5,5918885.414351852,2015-05-01
Guanajuato,11,2015,6,5924777.730613426,2015-06-01
Guanajuato,11,2015,7,5930618,2015-07-01
Guanajuato,11,2015,8,5936410.922743055,2015-08-01
Guanajuato,11,2015,9,5942163.840277778,2015-09-01
Guanajuato,11,2015,10,5947876.7265625,2015-10-01
Guanajuato,11,2015,11,5953549.555555555,2015-11-01
Guanajuato,11,2015,12,5959182.301215278,2015-12-01
Guanajuato,11,2016,1,5964774.9375,2016-01-01
Guanajuato,11,2016,2,5970327.438368056,2016-02-01
Guanajuato,11,2016,3,5975839.777777778,2016-03-01
Guanajuato,11,2016,4,5981311.9296875,2016-04-01
Guanajuato,11,2016,5,5986743.868055555,2016-05-01
Guanajuato,11,2016,6,5992135.566840278,2016-06-01
Guanajuato,11,2016,7,5997487,2016-07-01
Guanajuato,11,2016,8,6002787.563946759,2016-08-01
Guanajuato,11,2016,9,6008030.539351852,2016-09-01
Guanajuato,11,2016,10,6013221.7265625,2016-10-01
Guanajuato,11,2016,11,6018366.925925925,2016-11-01
Guanajuato,11,2016,12,6023471.937789353,2016-12-01
Guanajuato,11,2017,1,6028542.5625,2017-01-01
Guanajuato,11,2017,2,6033584.600405092,2017-02-01
Guanajuato,11,2017,3,6038603.851851853,2017-03-01
Guanajuato,11,2017,4,6043606.1171875,2017-04-01
Guanajuato,11,2017,5,6048597.196759259,2017-05-01
Guanajuato,11,2017,6,6053582.890914352,2017-06-01
Guanajuato,11,2017,7,6058569,2017-07-01
Guanajuato,11,2017,8,6063547.728877314,2017-08-01
Guanajuato,11,2017,9,6068507.789351852,2017-09-01
Guanajuato,11,2017,10,6073449.7421875,2017-10-01
Guanajuato,11,2017,11,6078374.148148147,2017-11-01
Guanajuato,11,2017,12,6083281.567997685,2017-12-01
Guanajuato,11,2018,1,6088172.5625,2018-01-01
Guanajuato,11,2018,2,6093047.692418981,2018-02-01
Guanajuato,11,2018,3,6097907.518518519,2018-03-01
Guanajuato,11,2018,4,6102752.6015625,2018-04-01
Guanajuato,11,2018,5,6107583.502314814,2018-05-01
Guanajuato,11,2018,6,6112400.781539352,2018-06-01
Guanajuato,11,2018,7,6117205,2018-07-01
Guanajuato,11,2018,8,6121995.290219909,2018-08-01
Guanajuato,11,2018,9,6126770.488425925,2018-09-01
Guanajuato,11,2018,10,6131530.7109375,2018-10-01
Guanajuato,11,2018,11,6136276.074074075,2018-11-01
Guanajuato,11,2018,12,6141006.694155093,2018-12-01
Guanajuato,11,2019,1,6145722.6875,2019-01-01
Guanajuato,11,2019,2,6150424.170428241,2019-02-01
Guanajuato,11,2019,3,6155111.259259259,2019-03-01
Guanajuato,11,2019,4,6159784.0703125,2019-04-01
Guanajuato,11,2019,5,6164442.719907407,2019-05-01
Guanajuato,11,2019,6,6169087.324363425,2019-06-01
Guanajuato,11,2019,7,6173718,2019-07-01
Guanajuato,11,2019,8,6178334.391493055,2019-08-01
Guanajuato,11,2019,9,6182936.145833334,2019-09-01
Guanajuato,11,2019,10,6187523.3828125,2019-10-01
Guanajuato,11,2019,11,6192096.222222222,2019-11-01
Guanajuato,11,2019,12,6196654.783854166,2019-12-01
Guerrero,12,2015,1,3564585.3125,2015-01-01
Guerrero,12,2015,2,3566660.216145833,2015-02-01
Guerrero,12,2015,3,3568709.555555555,2015-03-01
Guerrero,12,2015,4,3570730.3671875,2015-04-01
Guerrero,12,2015,5,3572719.6875,2015-05-01
Guerrero,12,2015,6,3574674.5529513885,2015-06-01
Guerrero,12,2015,7,3576592,2015-07-01
Guerrero,12,2015,8,3578474.470775463,2015-08-01
Guerrero,12,2015,9,3580326.752314815,2015-09-01
Guerrero,12,2015,10,3582149.3984375,2015-10-01
Guerrero,12,2015,11,3583942.962962963,2015-11-01
Guerrero,12,2015,12,3585707.9997106483,2015-12-01
Guerrero,12,2016,1,3587445.0625,2016-01-01
Guerrero,12,2016,2,3589154.7051504627,2016-02-01
Guerrero,12,2016,3,3590837.481481482,2016-03-01
Guerrero,12,2016,4,3592493.9453125,2016-04-01
Guerrero,12,2016,5,3594124.650462963,2016-05-01
Guerrero,12,2016,6,3595730.150752315,2016-06-01
Guerrero,12,2016,7,3597311,2016-07-01
Guerrero,12,2016,8,3598859.0691550924,2016-08-01
Guerrero,12,2016,9,3600368.5810185187,2016-09-01
Guerrero,12,2016,10,3601843.6171875,2016-10-01
Guerrero,12,2016,11,3603288.2592592593,2016-11-01
Guerrero,12,2016,12,3604706.5888310187,2016-12-01
Guerrero,12,2017,1,3606102.6875,2017-01-01
Guerrero,12,2017,2,3607480.636863426,2017-02-01
Guerrero,12,2017,3,3608844.5185185187,2017-03-01
Guerrero,12,2017,4,3610198.4140625,2017-04-01
Guerrero,12,2017,5,3611546.4050925924,2017-05-01
Guerrero,12,2017,6,3612892.5732060187,2017-06-01
Guerrero,12,2017,7,3614241,2017-07-01
Guerrero,12,2017,8,3615586.328414352,2017-08-01
Guerrero,12,2017,9,3616920.6967592593,2017-09-01
Guerrero,12,2017,10,3618244.4296875,2017-10-01
Guerrero,12,2017,11,3619557.851851852,2017-11-01
Guerrero,12,2017,12,3620861.287905093,2017-12-01
Guerrero,12,2018,1,3622155.0625,2018-01-01
Guerrero,12,2018,2,3623439.5002893517,2018-02-01
Guerrero,12,2018,3,3624714.925925926,2018-03-01
Guerrero,12,2018,4,3625981.6640625,2018-04-01
Guerrero,12,2018,5,3627240.039351852,2018-05-01
Guerrero,12,2018,6,3628490.3764467593,2018-06-01
Guerrero,12,2018,7,3629733,2018-07-01
Guerrero,12,2018,8,3630967.263888889,2018-08-01
Guerrero,12,2018,9,3632192.4027777775,2018-09-01
Guerrero,12,2018,10,3633408.5625,2018-10-01
Guerrero,12,2018,11,3634615.888888889,2018-11-01
Guerrero,12,2018,12,3635814.5277777775,2018-12-01
Guerrero,12,2019,1,3637004.625,2019-01-01
Guerrero,12,2019,2,3638186.3263888895,2019-02-01
Guerrero,12,2019,3,3639359.7777777775,2019-03-01
Guerrero,12,2019,4,3640525.125,2019-04-01
Guerrero,12,2019,5,3641682.513888889,2019-05-01
Guerrero,12,2019,6,3642832.0902777775,2019-06-01
Guerrero,12,2019,7,3643974,2019-07-01
Guerrero,12,2019,8,3645108.015625,2019-08-01
Guerrero,12,2019,9,3646233.833333333,2019-09-01
Guerrero,12,2019,10,3647351.484375,2019-10-01
Guerrero,12,2019,11,3648461,2019-11-01
Guerrero,12,2019,12,3649562.411458333,2019-12-01
Hidalgo,13,2015,1,2879521.875,2015-01-01
Hidalgo,13,2015,2,2882867.297453704,2015-02-01
Hidalgo,13,2015,3,2886204.9629629627,2015-03-01
Hidalgo,13,2015,4,2889535.71875,2015-04-01
Hidalgo,13,2015,5,2892860.412037037,2015-05-01
Hidalgo,13,2015,6,2896179.8900462957,2015-06-01
Hidalgo,13,2015,7,2899495,2015-07-01
Hidalgo,13,2015,8,2902804.890335648,2015-08-01
Hidalgo,13,2015,9,2906108.0949074076,2015-09-01
Hidalgo,13,2015,10,2909404.5390625,2015-10-01
Hidalgo,13,2015,11,2912694.1481481483,2015-11-01
Hidalgo,13,2015,12,2915976.847511574,2015-12-01
Hidalgo,13,2016,1,2919252.5625,2016-01-01
Hidalgo,13,2016,2,2922521.218460648,2016-02-01
Hidalgo,13,2016,3,2925782.7407407407,2016-03-01
Hidalgo,13,2016,4,2929037.0546875,2016-04-01
Hidalgo,13,2016,5,2932284.085648148,2016-05-01
Hidalgo,13,2016,6,2935523.7589699076,2016-06-01
Hidalgo,13,2016,7,2938756,2016-07-01
Hidalgo,13,2016,8,2941980.596643518,2016-08-01
Hidalgo,13,2016,9,2945197.495370371,2016-09-01
Hidalgo,13,2016,10,2948406.859375,2016-10-01
Hidalgo,13,2016,11,2951608.8518518517,2016-11-01
Hidalgo,13,2016,12,2954803.6359953703,2016-12-01
Hidalgo,13,2017,1,2957991.375,2017-01-01
Hidalgo,13,2017,2,2961172.232060185,2017-02-01
Hidalgo,13,2017,3,2964346.3703703703,2017-03-01
Hidalgo,13,2017,4,2967513.953125,2017-04-01
Hidalgo,13,2017,5,2970675.143518518,2017-05-01
Hidalgo,13,2017,6,2973830.104745371,2017-06-01
Hidalgo,13,2017,7,2976979,2017-07-01
Hidalgo,13,2017,8,2980121.234664352,2017-08-01
Hidalgo,13,2017,9,2983256.252314815,2017-09-01
Hidalgo,13,2017,10,2986384.2734375,2017-10-01
Hidalgo,13,2017,11,2989505.518518518,2017-11-01
Hidalgo,13,2017,12,2992620.208043982,2017-12-01
Hidalgo,13,2018,1,2995728.5625,2018-01-01
Hidalgo,13,2018,2,2998830.802372685,2018-02-01
Hidalgo,13,2018,3,3001927.148148148,2018-03-01
Hidalgo,13,2018,4,3005017.8203125,2018-04-01
Hidalgo,13,2018,5,3008103.039351852,2018-05-01
Hidalgo,13,2018,6,3011183.025752315,2018-06-01
Hidalgo,13,2018,7,3014258,2018-07-01
Hidalgo,13,2018,8,3017327.5489004627,2018-08-01
Hidalgo,13,2018,9,3020391.1689814813,2018-09-01
Hidalgo,13,2018,10,3023448.9453125,2018-10-01
Hidalgo,13,2018,11,3026500.962962962,2018-11-01
Hidalgo,13,2018,12,3029547.307002315,2018-12-01
Hidalgo,13,2019,1,3032588.0625,2019-01-01
Hidalgo,13,2019,2,3035623.314525463,2019-02-01
Hidalgo,13,2019,3,3038653.148148148,2019-03-01
Hidalgo,13,2019,4,3041677.6484375,2019-04-01
Hidalgo,13,2019,5,3044696.900462963,2019-05-01
Hidalgo,13,2019,6,3047710.9892939813,2019-06-01
Hidalgo,13,2019,7,3050720,2019-07-01
Hidalgo,13,2019,8,3053723.785590278,2019-08-01
Hidalgo,13,2019,9,3056722.1597222225,2019-09-01
Hidalgo,13,2019,10,3059715.1484375,2019-10-01
Hidalgo,13,2019,11,3062702.777777778,2019-11-01
Hidalgo,13,2019,12,3065685.0737847225,2019-12-01
Jalisco,14,2015,1,7917376.0625,2015-01-01
Jalisco,14,2015,2,7925022.227719908,2015-02-01
Jalisco,14,2015,3,7932660.370370371,2015-03-01
Jalisco,14,2015,4,7940299.5546875,2015-04-01
Jalisco,14,2015,5,7947948.844907408,2015-05-01
Jalisco,14,2015,6,7955617.305266203,2015-06-01
Jalisco,14,2015,7,7963314,2015-07-01
Jalisco,14,2015,8,7971027.004629629,2015-08-01
Jalisco,14,2015,9,7978738.842592593,2015-09-01
Jalisco,14,2015,10,7986450.25,2015-10-01
Jalisco,14,2015,11,7994161.962962963,2015-11-01
Jalisco,14,2015,12,8001874.717592592,2015-12-01
Jalisco,14,2016,1,8009589.25,2016-01-01
Jalisco,14,2016,2,8017306.296296297,2016-02-01
Jalisco,14,2016,3,8025026.592592592,2016-03-01
Jalisco,14,2016,4,8032750.875,2016-04-01
Jalisco,14,2016,5,8040479.879629629,2016-05-01
Jalisco,14,2016,6,8048214.342592593,2016-06-01
Jalisco,14,2016,7,8055955,2016-07-01
Jalisco,14,2016,8,8063713.622685186,2016-08-01
Jalisco,14,2016,9,8071496.898148148,2016-09-01
Jalisco,14,2016,10,8079297.9375,2016-10-01
Jalisco,14,2016,11,8087109.851851852,2016-11-01
Jalisco,14,2016,12,8094925.752314815,2016-12-01
Jalisco,14,2017,1,8102738.75,2017-01-01
Jalisco,14,2017,2,8110541.956018518,2017-02-01
Jalisco,14,2017,3,8118328.481481481,2017-03-01
Jalisco,14,2017,4,8126091.4375,2017-04-01
Jalisco,14,2017,5,8133823.935185186,2017-05-01
Jalisco,14,2017,6,8141519.085648148,2017-06-01
Jalisco,14,2017,7,8149170,2017-07-01
Jalisco,14,2017,8,8156783.499421296,2017-08-01
Jalisco,14,2017,9,8164371.439814815,2017-09-01
Jalisco,14,2017,10,8171934.484375,2017-10-01
Jalisco,14,2017,11,8179473.296296296,2017-11-01
Jalisco,14,2017,12,8186988.538773147,2017-12-01
Jalisco,14,2018,1,8194480.875,2018-01-01
Jalisco,14,2018,2,8201950.968171296,2018-02-01
Jalisco,14,2018,3,8209399.481481481,2018-03-01
Jalisco,14,2018,4,8216827.078125,2018-04-01
Jalisco,14,2018,5,8224234.421296297,2018-05-01
Jalisco,14,2018,6,8231622.174189815,2018-06-01
Jalisco,14,2018,7,8238991,2018-07-01
Jalisco,14,2018,8,8246339.819444444,2018-08-01
Jalisco,14,2018,9,8253667.222222223,2018-09-01
Jalisco,14,2018,10,8260973.375,2018-10-01
Jalisco,14,2018,11,8268258.444444443,2018-11-01
Jalisco,14,2018,12,8275522.597222223,2018-12-01
Jalisco,14,2019,1,8282766,2019-01-01
Jalisco,14,2019,2,8289988.819444444,2019-02-01
Jalisco,14,2019,3,8297191.222222223,2019-03-01
Jalisco,14,2019,4,8304373.375,2019-04-01
Jalisco,14,2019,5,8311535.444444444,2019-05-01
Jalisco,14,2019,6,8318677.597222223,2019-06-01
Jalisco,14,2019,7,8325800,2019-07-01
Jalisco,14,2019,8,8332902.025462964,2019-08-01
Jalisco,14,2019,9,8339983.092592591,2019-09-01
Jalisco,14,2019,10,8347043.4375,2019-10-01
Jalisco,14,2019,11,8354083.296296296,2019-11-01
Jalisco,14,2019,12,8361102.905092592,2019-12-01
México,15,2015,1,16351338.625,2015-01-01
México,15,2015,2,16368389.241319444,2015-02-01
México,15,2015,3,16385424.111111112,2015-03-01
México,15,2015,4,16402454.328125,2015-04-01
México,15,2015,5,16419490.986111112,2015-05-01
México,15,2015,6,16436545.178819444,2015-06-01
México,15,2015,7,16453628,2015-07-01
México,15,2015,8,16470731.682291668,2015-08-01
México,15,2015,9,16487839.180555554,2015-09-01
México,15,2015,10,16504947.671875,2015-10-01
México,15,2015,11,16522054.333333332,2015-11-01
México,15,2015,12,16539156.342013888,2015-12-01
México,15,2016,1,16556250.875,2016-01-01
México,15,2016,2,16573335.109375,2016-02-01
México,15,2016,3,16590406.222222222,2016-03-01
México,15,2016,4,16607461.390625,2016-04-01
México,15,2016,5,16624497.791666668,2016-05-01
México,15,2016,6,16641512.602430554,2016-06-01
México,15,2016,7,16658503,2016-07-01
México,15,2016,8,16675487.234085647,2016-08-01
México,15,2016,9,16692479.997685185,2016-09-01
México,15,2016,10,16709473.1328125,2016-10-01
México,15,2016,11,16726458.48148148,2016-11-01
México,15,2016,12,16743427.885706019,2016-12-01
México,15,2017,1,16760373.1875,2017-01-01
México,15,2017,2,16777286.228877317,2017-02-01
México,15,2017,3,16794158.85185185,2017-03-01
México,15,2017,4,16810982.8984375,2017-04-01
México,15,2017,5,16827750.21064815,2017-05-01
México,15,2017,6,16844452.630497687,2017-06-01
México,15,2017,7,16861082,2017-07-01
México,15,2017,8,16877646.894675925,2017-08-01
México,15,2017,9,16894161.671296295,2017-09-01
México,15,2017,10,16910626.84375,2017-10-01
México,15,2017,11,16927042.925925925,2017-11-01
México,15,2017,12,16943410.431712963,2017-12-01
México,15,2018,1,16959729.875,2018-01-01
México,15,2018,2,16976001.76967593,2018-02-01
México,15,2018,3,16992226.629629627,2018-03-01
México,15,2018,4,17008404.96875,2018-04-01
México,15,2018,5,17024537.300925925,2018-05-01
México,15,2018,6,17040624.140046295,2018-06-01
México,15,2018,7,17056666,2018-07-01
México,15,2018,8,17072662.11255787,2018-08-01
México,15,2018,9,17088611.42824074,2018-09-01
México,15,2018,10,17104514.0390625,2018-10-01
México,15,2018,11,17120370.037037037,2018-11-01
México,15,2018,12,17136179.51417824,2018-12-01
México,15,2019,1,17151942.5625,2019-01-01
México,15,2019,2,17167659.274016205,2019-02-01
México,15,2019,3,17183329.74074074,2019-03-01
México,15,2019,4,17198954.0546875,2019-04-01
México,15,2019,5,17214532.307870373,2019-05-01
México,15,2019,6,17230064.592303243,2019-06-01
México,15,2019,7,17245551,2019-07-01
México,15,2019,8,17260991.27719908,2019-08-01
México,15,2019,9,17276385.162037037,2019-09-01
México,15,2019,10,17291732.734375,2019-10-01
México,15,2019,11,17307034.07407407,2019-11-01
México,15,2019,12,17322289.260995373,2019-12-01
Michoacán,16,2015,1,4623411,2015-01-01
Michoacán,16,2015,2,4627023.417824074,2015-02-01
Michoacán,16,2015,3,4630612.259259259,2015-03-01
Michoacán,16,2015,4,4634177.53125,2015-04-01
Michoacán,16,2015,5,4637719.240740741,2015-05-01
Michoacán,16,2015,6,4641237.394675926,2015-06-01
Michoacán,16,2015,7,4644732,2015-07-01
Michoacán,16,2015,8,4648202.042824074,2015-08-01
Michoacán,16,2015,9,4651646.87037037,2015-09-01
Michoacán,16,2015,10,4655067.03125,2015-10-01
Michoacán,16,2015,11,4658463.074074074,2015-11-01
Michoacán,16,2015,12,4661835.547453703,2015-12-01
Michoacán,16,2016,1,4665185,2016-01-01
Michoacán,16,2016,2,4668511.980324074,2016-02-01
Michoacán,16,2016,3,4671817.037037036,2016-03-01
Michoacán,16,2016,4,4675100.71875,2016-04-01
Michoacán,16,2016,5,4678363.574074075,2016-05-01
Michoacán,16,2016,6,4681606.15162037,2016-06-01
Michoacán,16,2016,7,4684829,2016-07-01
Michoacán,16,2016,8,4688026.09056713,2016-08-01
Michoacán,16,2016,9,4691192.988425926,2016-09-01
Michoacán,16,2016,10,4694332.6328125,2016-10-01
Michoacán,16,2016,11,4697447.962962963,2016-11-01
Michoacán,16,2016,12,4700541.918113426,2016-12-01
Michoacán,16,2017,1,4703617.4375,2017-01-01
Michoacán,16,2017,2,4706677.460358796,2017-02-01
Michoacán,16,2017,3,4709724.925925926,2017-03-01
Michoacán,16,2017,4,4712762.7734375,2017-04-01
Michoacán,16,2017,5,4715793.94212963,2017-05-01
Michoacán,16,2017,6,4718821.371238426,2017-06-01
Michoacán,16,2017,7,4721848,2017-07-01
Michoacán,16,2017,8,4724869.616319445,2017-08-01
Michoacán,16,2017,9,4727880.333333333,2017-09-01
Michoacán,16,2017,10,4730880.578125,2017-10-01
Michoacán,16,2017,11,4733870.777777778,2017-11-01
Michoacán,16,2017,12,4736851.359375,2017-12-01
Michoacán,16,2018,1,4739822.75,2018-01-01
Michoacán,16,2018,2,4742785.37673611,2018-02-01
Michoacán,16,2018,3,4745739.666666667,2018-03-01
Michoacán,16,2018,4,4748686.046875,2018-04-01
Michoacán,16,2018,5,4751624.944444445,2018-05-01
Michoacán,16,2018,6,4754556.786458333,2018-06-01
Michoacán,16,2018,7,4757482,2018-07-01
Michoacán,16,2018,8,4760399.870370369,2018-08-01
Michoacán,16,2018,9,4763309.476851852,2018-09-01
Michoacán,16,2018,10,4766210.9375,2018-10-01
Michoacán,16,2018,11,4769104.37037037,2018-11-01
Michoacán,16,2018,12,4771989.893518518,2018-12-01
Michoacán,16,2019,1,4774867.625,2019-01-01
Michoacán,16,2019,2,4777737.68287037,2019-02-01
Michoacán,16,2019,3,4780600.185185185,2019-03-01
Michoacán,16,2019,4,4783455.25,2019-04-01
Michoacán,16,2019,5,4786302.99537037,2019-05-01
Michoacán,16,2019,6,4789143.539351852,2019-06-01
Michoacán,16,2019,7,4791977,2019-07-01
Michoacán,16,2019,8,4794803.166377315,2019-08-01
Michoacán,16,2019,9,4797621.775462964,2019-09-01
Michoacán,16,2019,10,4800432.8671875,2019-10-01
Michoacán,16,2019,11,4803236.48148148,2019-11-01
Michoacán,16,2019,12,4806032.658275463,2019-12-01
Morelos,17,2015,1,1918018.0625,2015-01-01
Morelos,17,2015,2,1920116.8822337964,2015-02-01
Morelos,17,2015,3,1922208.5925925926,2015-03-01
Morelos,17,2015,4,1924293.2265625,2015-04-01
Morelos,17,2015,5,1926370.8171296297,2015-05-01
Morelos,17,2015,6,1928441.3972800926,2015-06-01
Morelos,17,2015,7,1930505,2015-07-01
Morelos,17,2015,8,1932561.4722222222,2015-08-01
Morelos,17,2015,9,1934610.6805555557,2015-09-01
Morelos,17,2015,10,1936652.6875,2015-10-01
Morelos,17,2015,11,1938687.5555555555,2015-11-01
Morelos,17,2015,12,1940715.3472222222,2015-12-01
Morelos,17,2016,1,1942736.125,2016-01-01
Morelos,17,2016,2,1944749.951388889,2016-02-01
Morelos,17,2016,3,1946756.888888889,2016-03-01
Morelos,17,2016,4,1948757,2016-04-01
Morelos,17,2016,5,1950750.3472222222,2016-05-01
Morelos,17,2016,6,1952736.9930555557,2016-06-01
Morelos,17,2016,7,1954717,2016-07-01
Morelos,17,2016,8,1956689.2288773148,2016-08-01
Morelos,17,2016,9,1958652.886574074,2016-09-01
Morelos,17,2016,10,1960608.5546875,2016-10-01
Morelos,17,2016,11,1962556.8148148146,2016-11-01
Morelos,17,2016,12,1964498.248553241,2016-12-01
Morelos,17,2017,1,1966433.4375,2017-01-01
Morelos,17,2017,2,1968362.9632523148,2017-02-01
Morelos,17,2017,3,1970287.4074074076,2017-03-01
Morelos,17,2017,4,1972207.3515625,2017-04-01
Morelos,17,2017,5,1974123.3773148148,2017-05-01
Morelos,17,2017,6,1976036.0662615742,2017-06-01
Morelos,17,2017,7,1977946,2017-07-01
Morelos,17,2017,8,1979852.1562499998,2017-08-01
Morelos,17,2017,9,1981753.2500000002,2017-09-01
Morelos,17,2017,10,1983649.46875,2017-10-01
Morelos,17,2017,11,1985540.9999999998,2017-11-01
Morelos,17,2017,12,1987428.0312500002,2017-12-01
Morelos,17,2018,1,1989310.75,2018-01-01
Morelos,17,2018,2,1991189.3437499998,2018-02-01
Morelos,17,2018,3,1993064,2018-03-01
Morelos,17,2018,4,1994934.90625,2018-04-01
Morelos,17,2018,5,1996802.25,2018-05-01
Morelos,17,2018,6,1998666.21875,2018-06-01
Morelos,17,2018,7,2000527,2018-07-01
Morelos,17,2018,8,2002384.410011574,2018-08-01
Morelos,17,2018,9,2004238.127314815,2018-09-01
Morelos,17,2018,10,2006088.1328125,2018-10-01
Morelos,17,2018,11,2007934.4074074072,2018-11-01
Morelos,17,2018,12,2009776.932002315,2018-12-01
Morelos,17,2019,1,2011615.6875,2019-01-01
Morelos,17,2019,2,2013450.654803241,2019-02-01
Morelos,17,2019,3,2015281.8148148148,2019-03-01
Morelos,17,2019,4,2017109.1484375,2019-04-01
Morelos,17,2019,5,2018932.636574074,2019-05-01
Morelos,17,2019,6,2020752.260127315,2019-06-01
Morelos,17,2019,7,2022568,2019-07-01
Morelos,17,2019,8,2024379.824363426,2019-08-01
Morelos,17,2019,9,2026187.7337962964,2019-09-01
Morelos,17,2019,10,2027991.7578125,2019-10-01
Morelos,17,2019,11,2029791.9259259256,2019-11-01
Morelos,17,2019,12,2031588.267650463,2019-12-01
Nayarit,18,2015,1,1185866.3125,2015-01-01
Nayarit,18,2015,2,1187471.714988426,2015-02-01
Nayarit,18,2015,3,1189074.7407407407,2015-03-01
Nayarit,18,2015,4,1190676.3359375,2015-04-01
Nayarit,18,2015,5,1192277.4467592593,2015-05-01
Nayarit,18,2015,6,1193879.0193865742,2015-06-01
Nayarit,18,2015,7,1195482,2015-07-01
Nayarit,18,2015,8,1197084.8072916667,2015-08-01
Nayarit,18,2015,9,1198685.4027777778,2015-09-01
Nayarit,18,2015,10,1200284.046875,2015-10-01
Nayarit,18,2015,11,1201880.9999999998,2015-11-01
Nayarit,18,2015,12,1203476.5225694445,2015-12-01
Nayarit,18,2016,1,1205070.875,2016-01-01
Nayarit,18,2016,2,1206664.3177083333,2016-02-01
Nayarit,18,2016,3,1208257.1111111112,2016-03-01
Nayarit,18,2016,4,1209849.515625,2016-04-01
Nayarit,18,2016,5,1211441.7916666667,2016-05-01
Nayarit,18,2016,6,1213034.1996527778,2016-06-01
Nayarit,18,2016,7,1214627,2016-07-01
Nayarit,18,2016,8,1216221.1174768517,2016-08-01
Nayarit,18,2016,9,1217816.8564814813,2016-09-01
Nayarit,18,2016,10,1219413.546875,2016-10-01
Nayarit,18,2016,11,1221010.5185185187,2016-11-01
Nayarit,18,2016,12,1222607.101273148,2016-12-01
Nayarit,18,2017,1,1224202.625,2017-01-01
Nayarit,18,2017,2,1225796.4195601852,2017-02-01
Nayarit,18,2017,3,1227387.8148148148,2017-03-01
Nayarit,18,2017,4,1228976.140625,2017-04-01
Nayarit,18,2017,5,1230560.7268518517,2017-05-01
Nayarit,18,2017,6,1232140.9033564813,2017-06-01
Nayarit,18,2017,7,1233716,2017-07-01
Nayarit,18,2017,8,1235286.5503472222,2017-08-01
Nayarit,18,2017,9,1236853.6250000002,2017-09-01
Nayarit,18,2017,10,1238417.359375,2017-10-01
Nayarit,18,2017,11,1239977.8888888888,2017-11-01
Nayarit,18,2017,12,1241535.3489583333,2017-12-01
Nayarit,18,2018,1,1243089.875,2018-01-01
Nayarit,18,2018,2,1244641.6024305555,2018-02-01
Nayarit,18,2018,3,1246190.6666666667,2018-03-01
Nayarit,18,2018,4,1247737.203125,2018-04-01
Nayarit,18,2018,5,1249281.3472222222,2018-05-01
Nayarit,18,2018,6,1250823.234375,2018-06-01
Nayarit,18,2018,7,1252363,2018-07-01
Nayarit,18,2018,8,1253900.467013889,2018-08-01
Nayarit,18,2018,9,1255435.3749999998,2018-09-01
Nayarit,18,2018,10,1256967.734375,2018-10-01
Nayarit,18,2018,11,1258497.5555555555,2018-11-01
Nayarit,18,2018,12,1260024.8489583333,2018-12-01
Nayarit,18,2019,1,1261549.625,2019-01-01
Nayarit,18,2019,2,1263071.8940972222,2019-02-01
Nayarit,18,2019,3,1264591.6666666665,2019-03-01
Nayarit,18,2019,4,1266108.953125,2019-04-01
Nayarit,18,2019,5,1267623.763888889,2019-05-01
Nayarit,18,2019,6,1269136.1093749998,2019-06-01
Nayarit,18,2019,7,1270646,2019-07-01
Nayarit,18,2019,8,1272153.4013310187,2019-08-01
Nayarit,18,2019,9,1273658.2800925926,2019-09-01
Nayarit,18,2019,10,1275160.6484375,2019-10-01
Nayarit,18,2019,11,1276660.5185185184,2019-11-01
Nayarit,18,2019,12,1278157.902488426,2019-12-01
Nuevo León,19,2015,1,5157775.125,2015-01-01
Nuevo León,19,2015,2,5165860.231481481,2015-02-01
Nuevo León,19,2015,3,5173899.962962964,2015-03-01
Nuevo León,19,2015,4,5181885.3125,2015-04-01
Nuevo León,19,2015,5,5189807.273148148,2015-05-01
Nuevo León,19,2015,6,5197656.837962964,2015-06-01
Nuevo León,19,2015,7,5205425,2015-07-01
Nuevo León,19,2015,8,5213121.961805555,2015-08-01
Nuevo León,19,2015,9,5220764.041666667,2015-09-01
Nuevo León,19,2015,10,5228351.40625,2015-10-01
Nuevo León,19,2015,11,5235884.222222222,2015-11-01
Nuevo León,19,2015,12,5243362.656250001,2015-12-01
Nuevo León,19,2016,1,5250786.875,2016-01-01
Nuevo León,19,2016,2,5258157.045138889,2016-02-01
Nuevo León,19,2016,3,5265473.333333334,2016-03-01
Nuevo León,19,2016,4,5272735.90625,2016-04-01
Nuevo León,19,2016,5,5279944.930555555,2016-05-01
Nuevo León,19,2016,6,5287100.572916667,2016-06-01
Nuevo León,19,2016,7,5294203,2016-07-01
Nuevo León,19,2016,8,5301231.984374999,2016-08-01
Nuevo León,19,2016,9,5308174.472222223,2016-09-01
Nuevo León,19,2016,10,5315041.390625,2016-10-01
Nuevo León,19,2016,11,5321843.666666667,2016-11-01
Nuevo León,19,2016,12,5328592.227430555,2016-12-01
Nuevo León,19,2017,1,5335298,2017-01-01
Nuevo León,19,2017,2,5341971.911458333,2017-02-01
Nuevo León,19,2017,3,5348624.888888889,2017-03-01
Nuevo León,19,2017,4,5355267.859375,2017-04-01
Nuevo León,19,2017,5,5361911.75,2017-05-01
Nuevo León,19,2017,6,5368567.487847222,2017-06-01
Nuevo León,19,2017,7,5375246,2017-07-01
Nuevo León,19,2017,8,5381934.098958334,2017-08-01
Nuevo León,19,2017,9,5388611.472222222,2017-09-01
Nuevo León,19,2017,10,5395278.359375,2017-10-01
Nuevo León,19,2017,11,5401934.999999999,2017-11-01
Nuevo León,19,2017,12,5408581.633680555,2017-12-01
Nuevo León,19,2018,1,5415218.5,2018-01-01
Nuevo León,19,2018,2,5421845.838541667,2018-02-01
Nuevo León,19,2018,3,5428463.888888889,2018-03-01
Nuevo León,19,2018,4,5435072.890625,2018-04-01
Nuevo León,19,2018,5,5441673.083333333,2018-05-01
Nuevo León,19,2018,6,5448264.706597222,2018-06-01
Nuevo León,19,2018,7,5454848,2018-07-01
Nuevo León,19,2018,8,5461422.652199074,2018-08-01
Nuevo León,19,2018,9,5467988.203703704,2018-09-01
Nuevo León,19,2018,10,5474544.671875,2018-10-01
Nuevo León,19,2018,11,5481092.074074074,2018-11-01
Nuevo León,19,2018,12,5487630.427662037,2018-12-01
Nuevo León,19,2019,1,5494159.75,2019-01-01
Nuevo León,19,2019,2,5500680.058449075,2019-02-01
Nuevo León,19,2019,3,5507191.37037037,2019-03-01
Nuevo León,19,2019,4,5513693.703125,2019-04-01
Nuevo León,19,2019,5,5520187.074074075,2019-05-01
Nuevo León,19,2019,6,5526671.500578704,2019-06-01
Nuevo León,19,2019,7,5533147,2019-07-01
Nuevo León,19,2019,8,5539613.482060185,2019-08-01
Nuevo León,19,2019,9,5546070.87037037,2019-09-01
Nuevo León,19,2019,10,5552519.203125,2019-10-01
Nuevo León,19,2019,11,5558958.518518519,2019-11-01
Nuevo León,19,2019,12,5565388.85474537,2019-12-01
Oaxaca,20,2015,1,4004948,2015-01-01
Oaxaca,20,2015,2,4007358.4646990746,2015-02-01
Oaxaca,20,2015,3,4009754.1481481483,2015-03-01
Oaxaca,20,2015,4,4012136.796875,2015-04-01
Oaxaca,20,2015,5,4014508.1574074076,2015-05-01
Oaxaca,20,2015,6,4016869.9762731483,2015-06-01
Oaxaca,20,2015,7,4019224,2015-07-01
Oaxaca,20,2015,8,4021566.7873263885,2015-08-01
Oaxaca,20,2015,9,4023894.2430555555,2015-09-01
Oaxaca,20,2015,10,4026207.1328125,2015-10-01
Oaxaca,20,2015,11,4028506.2222222215,2015-11-01
Oaxaca,20,2015,12,4030792.276909722,2015-12-01
Oaxaca,20,2016,1,4033066.0625,2016-01-01
Oaxaca,20,2016,2,4035328.344618056,2016-02-01
Oaxaca,20,2016,3,4037579.888888889,2016-03-01
Oaxaca,20,2016,4,4039821.4609375,2016-04-01
Oaxaca,20,2016,5,4042053.826388889,2016-05-01
Oaxaca,20,2016,6,4044277.7508680555,2016-06-01
Oaxaca,20,2016,7,4046494,2016-07-01
Oaxaca,20,2016,8,4048700.814814815,2016-08-01
Oaxaca,20,2016,9,4050896.240740741,2016-09-01
Oaxaca,20,2016,10,4053080.75,2016-10-01
Oaxaca,20,2016,11,4055254.8148148144,2016-11-01
Oaxaca,20,2016,12,4057418.9074074076,2016-12-01
Oaxaca,20,2017,1,4059573.5,2017-01-01
Oaxaca,20,2017,2,4061719.064814815,2017-02-01
Oaxaca,20,2017,3,4063856.074074074,2017-03-01
Oaxaca,20,2017,4,4065985,2017-04-01
Oaxaca,20,2017,5,4068106.314814815,2017-05-01
Oaxaca,20,2017,6,4070220.4907407407,2017-06-01
Oaxaca,20,2017,7,4072328,2017-07-01
Oaxaca,20,2017,8,4074427.5373263885,2017-08-01
Oaxaca,20,2017,9,4076517.7569444445,2017-09-01
Oaxaca,20,2017,10,4078599.0703125,2017-10-01
Oaxaca,20,2017,11,4080671.888888888,2017-11-01
Oaxaca,20,2017,12,4082736.624131944,2017-12-01
Oaxaca,20,2018,1,4084793.6875,2018-01-01
Oaxaca,20,2018,2,4086843.4904513895,2018-02-01
Oaxaca,20,2018,3,4088886.444444444,2018-03-01
Oaxaca,20,2018,4,4090922.9609375,2018-04-01
Oaxaca,20,2018,5,4092953.451388889,2018-05-01
Oaxaca,20,2018,6,4094978.3272569445,2018-06-01
Oaxaca,20,2018,7,4096998,2018-07-01
Oaxaca,20,2018,8,4099011.8750000005,2018-08-01
Oaxaca,20,2018,9,4101019.125,2018-09-01
Oaxaca,20,2018,10,4103019.8125,2018-10-01
Oaxaca,20,2018,11,4105014,2018-11-01
Oaxaca,20,2018,12,4107001.75,2018-12-01
Oaxaca,20,2019,1,4108983.125,2019-01-01
Oaxaca,20,2019,2,4110958.1874999995,2019-02-01
Oaxaca,20,2019,3,4112927,2019-03-01
Oaxaca,20,2019,4,4114889.625,2019-04-01
Oaxaca,20,2019,5,4116846.125,2019-05-01
Oaxaca,20,2019,6,4118796.5625000005,2019-06-01
Oaxaca,20,2019,7,4120741,2019-07-01
Oaxaca,20,2019,8,4122679.1576967593,2019-08-01
Oaxaca,20,2019,9,4124610.7893518517,2019-09-01
Oaxaca,20,2019,10,4126536.0078125,2019-10-01
Oaxaca,20,2019,11,4128454.9259259254,2019-11-01
Oaxaca,20,2019,12,4130367.656539352,2019-12-01
Puebla,21,2015,1,6237120.3125,2015-01-01
Puebla,21,2015,2,6243421.833622685,2015-02-01
Puebla,21,2015,3,6249694.703703703,2015-03-01
Puebla,21,2015,4,6255938.0390625,2015-04-01
Puebla,21,2015,5,6262150.956018518,2015-05-01
Puebla,21,2015,6,6268332.570891202,2015-06-01
Puebla,21,2015,7,6274482,2015-07-01
Puebla,21,2015,8,6280599.567708333,2015-08-01
Puebla,21,2015,9,6286686.444444445,2015-09-01
Puebla,21,2015,10,6292743.015625,2015-10-01
Puebla,21,2015,11,6298769.666666666,2015-11-01
Puebla,21,2015,12,6304766.782986111,2015-12-01
Puebla,21,2016,1,6310734.75,2016-01-01
Puebla,21,2016,2,6316673.953125,2016-02-01
Puebla,21,2016,3,6322584.777777777,2016-03-01
Puebla,21,2016,4,6328467.609375,2016-04-01
Puebla,21,2016,5,6334322.833333333,2016-05-01
Puebla,21,2016,6,6340150.835069444,2016-06-01
Puebla,21,2016,7,6345952,2016-07-01
Puebla,21,2016,8,6351719.449074075,2016-08-01
Puebla,21,2016,9,6357448.384259259,2016-09-01
Puebla,21,2016,10,6363142.3125,2016-10-01
Puebla,21,2016,11,6368804.740740741,2016-11-01
Puebla,21,2016,12,6374439.175925925,2016-12-01
Puebla,21,2017,1,6380049.125,2017-01-01
Puebla,21,2017,2,6385638.094907407,2017-02-01
Puebla,21,2017,3,6391209.592592593,2017-03-01
Puebla,21,2017,4,6396767.125,2017-04-01
Puebla,21,2017,5,6402314.199074075,2017-05-01
Puebla,21,2017,6,6407854.321759259,2017-06-01
Puebla,21,2017,7,6413391,2017-07-01
Puebla,21,2017,8,6418919.353009259,2017-08-01
Puebla,21,2017,9,6424432.449074075,2017-09-01
Puebla,21,2017,10,6429930.71875,2017-10-01
Puebla,21,2017,11,6435414.592592593,2017-11-01
Puebla,21,2017,12,6440884.501157409,2017-12-01
Puebla,21,2018,1,6446340.875,2018-01-01
Puebla,21,2018,2,6451784.144675926,2018-02-01
Puebla,21,2018,3,6457214.740740741,2018-03-01
Puebla,21,2018,4,6462633.09375,2018-04-01
Puebla,21,2018,5,6468039.634259259,2018-05-01
Puebla,21,2018,6,6473434.792824075,2018-06-01
Puebla,21,2018,7,6478819,2018-07-01
Puebla,21,2018,8,6484191.546585648,2018-08-01
Puebla,21,2018,9,6489551.511574074,2018-09-01
Puebla,21,2018,10,6494899.0078125,2018-10-01
Puebla,21,2018,11,6500234.148148147,2018-11-01
Puebla,21,2018,12,6505557.045428241,2018-12-01
Puebla,21,2019,1,6510867.8125,2019-01-01
Puebla,21,2019,2,6516166.562210648,2019-02-01
Puebla,21,2019,3,6521453.407407408,2019-03-01
Puebla,21,2019,4,6526728.4609375,2019-04-01
Puebla,21,2019,5,6531991.835648148,2019-05-01
Puebla,21,2019,6,6537243.644386574,2019-06-01
Puebla,21,2019,7,6542484,2019-07-01
Puebla,21,2019,8,6547712.630787036,2019-08-01
Puebla,21,2019,9,6552929.240740741,2019-09-01
Puebla,21,2019,10,6558133.90625,2019-10-01
Puebla,21,2019,11,6563326.703703702,2019-11-01
Puebla,21,2019,12,6568507.709490741,2019-12-01
Querétaro,22,2015,1,2046828.4375,2015-01-01
Querétaro,22,2015,2,2050644.73119213,2015-02-01
Querétaro,22,2015,3,2054451.7037037034,2015-03-01
Querétaro,22,2015,4,2058247.8359375,2015-04-01
Querétaro,22,2015,5,2062031.6087962962,2015-05-01
Querétaro,22,2015,6,2065801.5031828703,2015-06-01
Querétaro,22,2015,7,2069556,2015-07-01
Querétaro,22,2015,8,2073297.4380787038,2015-08-01
Querétaro,22,2015,9,2077028.962962963,2015-09-01
Querétaro,22,2015,10,2080750.265625,2015-10-01
Querétaro,22,2015,11,2084461.0370370368,2015-11-01
Querétaro,22,2015,12,2088160.9681712962,2015-12-01
Querétaro,22,2016,1,2091849.75,2016-01-01
Querétaro,22,2016,2,2095527.07349537,2016-02-01
Querétaro,22,2016,3,2099192.6296296297,2016-03-01
Querétaro,22,2016,4,2102846.109375,2016-04-01
Querétaro,22,2016,5,2106487.2037037034,2016-05-01
Querétaro,22,2016,6,2110115.603587963,2016-06-01
Querétaro,22,2016,7,2113731,2016-07-01
Querétaro,22,2016,8,2117330.3350694445,2016-08-01
Querétaro,22,2016,9,2120912,2016-09-01
Querétaro,22,2016,10,2124477.859375,2016-10-01
Querétaro,22,2016,11,2128029.7777777775,2016-11-01
Querétaro,22,2016,12,2131569.619791667,2016-12-01
Querétaro,22,2017,1,2135099.25,2017-01-01
Querétaro,22,2017,2,2138620.532986111,2017-02-01
Querétaro,22,2017,3,2142135.3333333335,2017-03-01
Querétaro,22,2017,4,2145645.515625,2017-04-01
Querétaro,22,2017,5,2149152.944444444,2017-05-01
Querétaro,22,2017,6,2152659.484375,2017-06-01
Querétaro,22,2017,7,2156167,2017-07-01
Querétaro,22,2017,8,2159673.0995370373,2017-08-01
Querétaro,22,2017,9,2163174.2268518517,2017-09-01
Querétaro,22,2017,10,2166670.5,2017-10-01
Querétaro,22,2017,11,2170162.037037037,2017-11-01
Querétaro,22,2017,12,2173648.956018518,2017-12-01
Querétaro,22,2018,1,2177131.375,2018-01-01
Querétaro,22,2018,2,2180609.412037037,2018-02-01
Querétaro,22,2018,3,2184083.185185185,2018-03-01
Querétaro,22,2018,4,2187552.8125,2018-04-01
Querétaro,22,2018,5,2191018.412037037,2018-05-01
Querétaro,22,2018,6,2194480.1018518517,2018-06-01
Querétaro,22,2018,7,2197938,2018-07-01
Querétaro,22,2018,8,2201392.134259259,2018-08-01
Querétaro,22,2018,9,2204842.393518518,2018-09-01
Querétaro,22,2018,10,2208288.6875,2018-10-01
Querétaro,22,2018,11,2211730.925925926,2018-11-01
Querétaro,22,2018,12,2215169.018518518,2018-12-01
Querétaro,22,2019,1,2218602.875,2019-01-01
Querétaro,22,2019,2,2222032.4050925924,2019-02-01
Querétaro,22,2019,3,2225457.518518518,2019-03-01
Querétaro,22,2019,4,2228878.125,2019-04-01
Querétaro,22,2019,5,2232294.1342592593,2019-05-01
Querétaro,22,2019,6,2235705.4560185187,2019-06-01
Querétaro,22,2019,7,2239112,2019-07-01
Querétaro,22,2019,8,2242513.7951388895,2019-08-01
Querétaro,22,2019,9,2245910.9583333335,2019-09-01
Querétaro,22,2019,10,2249303.53125,2019-10-01
Querétaro,22,2019,11,2252691.5555555555,2019-11-01
Querétaro,22,2019,12,2256075.072916667,2019-12-01
Quintana Roo,23,2015,1,1505165.5,2015-01-01
Quintana Roo,23,2015,2,1508436.8310185187,2015-02-01
Quintana Roo,23,2015,3,1511711.2592592593,2015-03-01
Quintana Roo,23,2015,4,1514990.4375,2015-04-01
Quintana Roo,23,2015,5,1518276.0185185187,2015-05-01
Quintana Roo,23,2015,6,1521569.6550925926,2015-06-01
Quintana Roo,23,2015,7,1524873,2015-07-01
Quintana Roo,23,2015,8,1528185.044849537,2015-08-01
Quintana Roo,23,2015,9,1531503.3449074074,2015-09-01
Quintana Roo,23,2015,10,1534827.3984375,2015-10-01
Quintana Roo,23,2015,11,1538156.7037037036,2015-11-01
Quintana Roo,23,2015,12,1541490.7589699074,2015-12-01
Quintana Roo,23,2016,1,1544829.0625,2016-01-01
Quintana Roo,23,2016,2,1548171.1125578703,2016-02-01
Quintana Roo,23,2016,3,1551516.4074074074,2016-03-01
Quintana Roo,23,2016,4,1554864.4453125,2016-04-01
Quintana Roo,23,2016,5,1558214.724537037,2016-05-01
Quintana Roo,23,2016,6,1561566.7433449074,2016-06-01
Quintana Roo,23,2016,7,1564920,2016-07-01
Quintana Roo,23,2016,8,1568278.1417824074,2016-08-01
Quintana Roo,23,2016,9,1571644.0370370368,2016-09-01
Quintana Roo,23,2016,10,1575016.015625,2016-10-01
Quintana Roo,23,2016,11,1578392.4074074074,2016-11-01
Quintana Roo,23,2016,12,1581771.5422453706,2016-12-01
Quintana Roo,23,2017,1,1585151.75,2017-01-01
Quintana Roo,23,2017,2,1588531.3605324076,2017-02-01
Quintana Roo,23,2017,3,1591908.7037037038,2017-03-01
Quintana Roo,23,2017,4,1595282.109375,2017-04-01
Quintana Roo,23,2017,5,1598649.9074074074,2017-05-01
Quintana Roo,23,2017,6,1602010.4276620368,2017-06-01
Quintana Roo,23,2017,7,1605362,2017-07-01
Quintana Roo,23,2017,8,1608706.585648148,2017-08-01
Quintana Roo,23,2017,9,1612047.25462963,2017-09-01
Quintana Roo,23,2017,10,1615384,2017-10-01
Quintana Roo,23,2017,11,1618716.8148148148,2017-11-01
Quintana Roo,23,2017,12,1622045.6921296297,2017-12-01
Quintana Roo,23,2018,1,1625370.625,2018-01-01
Quintana Roo,23,2018,2,1628691.6064814816,2018-02-01
Quintana Roo,23,2018,3,1632008.6296296297,2018-03-01
Quintana Roo,23,2018,4,1635321.6875,2018-04-01
Quintana Roo,23,2018,5,1638630.7731481483,2018-05-01
Quintana Roo,23,2018,6,1641935.8796296297,2018-06-01
Quintana Roo,23,2018,7,1645237,2018-07-01
Quintana Roo,23,2018,8,1648534.1901041665,2018-08-01
Quintana Roo,23,2018,9,1651827.4930555555,2018-09-01
Quintana Roo,23,2018,10,1655116.8828125,2018-10-01
Quintana Roo,23,2018,11,1658402.3333333333,2018-11-01
Quintana Roo,23,2018,12,1661683.8185763888,2018-12-01
Quintana Roo,23,2019,1,1664961.3125,2019-01-01
Quintana Roo,23,2019,2,1668234.7890625,2019-02-01
Quintana Roo,23,2019,3,1671504.2222222222,2019-03-01
Quintana Roo,23,2019,4,1674769.5859375,2019-04-01
Quintana Roo,23,2019,5,1678030.8541666667,2019-05-01
Quintana Roo,23,2019,6,1681288.0008680555,2019-06-01
Quintana Roo,23,2019,7,1684541,2019-07-01
Quintana Roo,23,2019,8,1687789.8883101852,2019-08-01
Quintana Roo,23,2019,9,1691034.7175925926,2019-09-01
Quintana Roo,23,2019,10,1694275.484375,2019-10-01
Quintana Roo,23,2019,11,1697512.1851851852,2019-11-01
Quintana Roo,23,2019,12,1700744.8165509258,2019-12-01
San Luis Potosí,24,2015,1,2746227.625,2015-01-01
San Luis Potosí,24,2015,2,2748248.956597222,2015-02-01
San Luis Potosí,24,2015,3,2750261.2222222225,2015-03-01
San Luis Potosí,24,2015,4,2752265.390625,2015-04-01
San Luis Potosí,24,2015,5,2754262.430555556,2015-05-01
San Luis Potosí,24,2015,6,2756253.310763889,2015-06-01
San Luis Potosí,24,2015,7,2758239,2015-07-01
San Luis Potosí,24,2015,8,2760217.785590278,2015-08-01
San Luis Potosí,24,2015,9,2762187.520833333,2015-09-01
San Luis Potosí,24,2015,10,2764148.5234375,2015-10-01
San Luis Potosí,24,2015,11,2766101.111111111,2015-11-01
San Luis Potosí,24,2015,12,2768045.6015625,2015-12-01
San Luis Potosí,24,2016,1,2769982.3125,2016-01-01
San Luis Potosí,24,2016,2,2771911.5616319445,2016-02-01
San Luis Potosí,24,2016,3,2773833.6666666665,2016-03-01
San Luis Potosí,24,2016,4,2775748.9453125,2016-04-01
San Luis Potosí,24,2016,5,2777657.7152777775,2016-05-01
San Luis Potosí,24,2016,6,2779560.294270833,2016-06-01
San Luis Potosí,24,2016,7,2781457,2016-07-01
San Luis Potosí,24,2016,8,2783346.7838541665,2016-08-01
San Luis Potosí,24,2016,9,2785228.631944445,2016-09-01
San Luis Potosí,24,2016,10,2787102.9140625,2016-10-01
San Luis Potosí,24,2016,11,2788970,2016-11-01
San Luis Potosí,24,2016,12,2790830.2595486115,2016-12-01
San Luis Potosí,24,2017,1,2792684.0625,2017-01-01
San Luis Potosí,24,2017,2,2794531.7786458335,2017-02-01
San Luis Potosí,24,2017,3,2796373.777777778,2017-03-01
San Luis Potosí,24,2017,4,2798210.4296875,2017-04-01
San Luis Potosí,24,2017,5,2800042.1041666665,2017-05-01
San Luis Potosí,24,2017,6,2801869.171006945,2017-06-01
San Luis Potosí,24,2017,7,2803692,2017-07-01
San Luis Potosí,24,2017,8,2805509.8191550924,2017-08-01
San Luis Potosí,24,2017,9,2807321.733796296,2017-09-01
San Luis Potosí,24,2017,10,2809127.9296875,2017-10-01
San Luis Potosí,24,2017,11,2810928.5925925924,2017-11-01
San Luis Potosí,24,2017,12,2812723.9082754627,2017-12-01
San Luis Potosí,24,2018,1,2814514.0625,2018-01-01
San Luis Potosí,24,2018,2,2816299.241030093,2018-02-01
San Luis Potosí,24,2018,3,2818079.6296296297,2018-03-01
San Luis Potosí,24,2018,4,2819855.4140625,2018-04-01
San Luis Potosí,24,2018,5,2821626.780092593,2018-05-01
San Luis Potosí,24,2018,6,2823393.913483796,2018-06-01
San Luis Potosí,24,2018,7,2825157,2018-07-01
San Luis Potosí,24,2018,8,2826915.6828703703,2018-08-01
San Luis Potosí,24,2018,9,2828669.532407407,2018-09-01
San Luis Potosí,24,2018,10,2830418.625,2018-10-01
San Luis Potosí,24,2018,11,2832163.037037037,2018-11-01
San Luis Potosí,24,2018,12,2833902.8449074076,2018-12-01
San Luis Potosí,24,2019,1,2835638.125,2019-01-01
San Luis Potosí,24,2019,2,2837368.953703704,2019-02-01
San Luis Potosí,24,2019,3,2839095.407407407,2019-03-01
San Luis Potosí,24,2019,4,2840817.5625,2019-04-01
San Luis Potosí,24,2019,5,2842535.4953703703,2019-05-01
San Luis Potosí,24,2019,6,2844249.2824074076,2019-06-01
San Luis Potosí,24,2019,7,2845959,2019-07-01
San Luis Potosí,24,2019,8,2847664.5622106483,2019-08-01
San Luis Potosí,24,2019,9,2849365.831018518,2019-09-01
San Luis Potosí,24,2019,10,2851062.8046875,2019-10-01
San Luis Potosí,24,2019,11,2852755.481481481,2019-11-01
San Luis Potosí,24,2019,12,2854443.8596643517,2019-12-01
Sinaloa,25,2015,1,2996603.875,2015-01-01
Sinaloa,25,2015,2,2999906.5046296297,2015-02-01
Sinaloa,25,2015,3,3003176.2592592593,2015-03-01
Sinaloa,25,2015,4,3006406.3125,2015-04-01
Sinaloa,25,2015,5,3009589.8379629627,2015-05-01
Sinaloa,25,2015,6,3012720.0092592593,2015-06-01
Sinaloa,25,2015,7,3015790,2015-07-01
Sinaloa,25,2015,8,3018807.230034722,2015-08-01
Sinaloa,25,2015,9,3021783.8680555555,2015-09-01
Sinaloa,25,2015,10,3024720.2109375,2015-10-01
Sinaloa,25,2015,11,3027616.5555555546,2015-11-01
Sinaloa,25,2015,12,3030473.198784722,2015-12-01
Sinaloa,25,2016,1,3033290.4375,2016-01-01
Sinaloa,25,2016,2,3036068.568576389,2016-02-01
Sinaloa,25,2016,3,3038807.888888889,2016-03-01
Sinaloa,25,2016,4,3041508.6953125,2016-04-01
Sinaloa,25,2016,5,3044171.284722222,2016-05-01
Sinaloa,25,2016,6,3046795.9539930555,2016-06-01
Sinaloa,25,2016,7,3049383,2016-07-01
Sinaloa,25,2016,8,3051917.1837384254,2016-08-01
Sinaloa,25,2016,9,3054388.4837962966,2016-09-01
Sinaloa,25,2016,10,3056805.0234375,2016-10-01
Sinaloa,25,2016,11,3059174.9259259254,2016-11-01
Sinaloa,25,2016,12,3061506.314525463,2016-12-01
Sinaloa,25,2017,1,3063807.3125,2017-01-01
Sinaloa,25,2017,2,3066086.043113426,2017-02-01
Sinaloa,25,2017,3,3068350.629629629,2017-03-01
Sinaloa,25,2017,4,3070609.1953125,2017-04-01
Sinaloa,25,2017,5,3072869.863425926,2017-05-01
Sinaloa,25,2017,6,3075140.7572337966,2017-06-01
Sinaloa,25,2017,7,3077430,2017-07-01
Sinaloa,25,2017,8,3079727.831307871,2017-08-01
Sinaloa,25,2017,9,3082019.1782407407,2017-09-01
Sinaloa,25,2017,10,3084304.1953125,2017-10-01
Sinaloa,25,2017,11,3086583.037037037,2017-11-01
Sinaloa,25,2017,12,3088855.857928241,2017-12-01
Sinaloa,25,2018,1,3091122.8125,2018-01-01
Sinaloa,25,2018,2,3093384.0552662043,2018-02-01
Sinaloa,25,2018,3,3095639.740740741,2018-03-01
Sinaloa,25,2018,4,3097890.0234375,2018-04-01
Sinaloa,25,2018,5,3100135.057870371,2018-05-01
Sinaloa,25,2018,6,3102374.9985532407,2018-06-01
Sinaloa,25,2018,7,3104610,2018-07-01
Sinaloa,25,2018,8,3106839.76099537,2018-08-01
Sinaloa,25,2018,9,3109063.921296296,2018-09-01
Sinaloa,25,2018,10,3111282.546875,2018-10-01
Sinaloa,25,2018,11,3113495.7037037034,2018-11-01
Sinaloa,25,2018,12,3115703.457754629,2018-12-01
Sinaloa,25,2019,1,3117905.875,2019-01-01
Sinaloa,25,2019,2,3120103.021412037,2019-02-01
Sinaloa,25,2019,3,3122294.9629629627,2019-03-01
Sinaloa,25,2019,4,3124481.765625,2019-04-01
Sinaloa,25,2019,5,3126663.4953703703,2019-05-01
Sinaloa,25,2019,6,3128840.218171296,2019-06-01
Sinaloa,25,2019,7,3131012,2019-07-01
Sinaloa,25,2019,8,3133178.722511574,2019-08-01
Sinaloa,25,2019,9,3135340.2384259263,2019-09-01
Sinaloa,25,2019,10,3137496.5703125,2019-10-01
Sinaloa,25,2019,11,3139647.74074074,2019-11-01
Sinaloa,25,2019,12,3141793.772280093,2019-12-01
Sonora,26,2015,1,2866333.3125,2015-01-01
Sonora,26,2015,2,2869382.580729167,2015-02-01
Sonora,26,2015,3,2872433.888888889,2015-03-01
Sonora,26,2015,4,2875491.9609375,2015-04-01
Sonora,26,2015,5,2878561.5208333335,2015-05-01
Sonora,26,2015,6,2881647.292534722,2015-06-01
Sonora,26,2015,7,2884754,2015-07-01
Sonora,26,2015,8,2887875.3107638885,2015-08-01
Sonora,26,2015,9,2891002.041666667,2015-09-01
Sonora,26,2015,10,2894134.640625,2015-10-01
Sonora,26,2015,11,2897273.5555555555,2015-11-01
Sonora,26,2015,12,2900419.234375,2015-12-01
Sonora,26,2016,1,2903572.125,2016-01-01
Sonora,26,2016,2,2906732.675347222,2016-02-01
Sonora,26,2016,3,2909901.3333333335,2016-03-01
Sonora,26,2016,4,2913078.546875,2016-04-01
Sonora,26,2016,5,2916264.7638888885,2016-05-01
Sonora,26,2016,6,2919460.432291667,2016-06-01
Sonora,26,2016,7,2922666,2016-07-01
Sonora,26,2016,8,2925887.497974537,2016-08-01
Sonora,26,2016,9,2929128.275462963,2016-09-01
Sonora,26,2016,10,2932384.7578125,2016-10-01
Sonora,26,2016,11,2935653.37037037,2016-11-01
Sonora,26,2016,12,2938930.5384837966,2016-12-01
Sonora,26,2017,1,2942212.6875,2017-01-01
Sonora,26,2017,2,2945496.242766204,2017-02-01
Sonora,26,2017,3,2948777.6296296297,2017-03-01
Sonora,26,2017,4,2952053.2734375,2017-04-01
Sonora,26,2017,5,2955319.599537037,2017-05-01
Sonora,26,2017,6,2958573.033275463,2017-06-01
Sonora,26,2017,7,2961810,2017-07-01
Sonora,26,2017,8,2965034.240451389,2017-08-01
Sonora,26,2017,9,2968252.034722222,2017-09-01
Sonora,26,2017,10,2971463.6171875,2017-10-01
Sonora,26,2017,11,2974669.222222222,2017-11-01
Sonora,26,2017,12,2977869.0842013885,2017-12-01
Sonora,26,2018,1,2981063.4375,2018-01-01
Sonora,26,2018,2,2984252.5164930555,2018-02-01
Sonora,26,2018,3,2987436.5555555555,2018-03-01
Sonora,26,2018,4,2990615.7890625,2018-04-01
Sonora,26,2018,5,2993790.451388889,2018-05-01
Sonora,26,2018,6,2996960.776909722,2018-06-01
Sonora,26,2018,7,3000127,2018-07-01
Sonora,26,2018,8,3003288.6562500005,2018-08-01
Sonora,26,2018,9,3006445.194444444,2018-09-01
Sonora,26,2018,10,3009596.71875,2018-10-01
Sonora,26,2018,11,3012743.333333333,2018-11-01
Sonora,26,2018,12,3015885.142361111,2018-12-01
Sonora,26,2019,1,3019022.25,2019-01-01
Sonora,26,2019,2,3022154.7604166665,2019-02-01
Sonora,26,2019,3,3025282.7777777775,2019-03-01
Sonora,26,2019,4,3028406.40625,2019-04-01
Sonora,26,2019,5,3031525.75,2019-05-01
Sonora,26,2019,6,3034640.913194444,2019-06-01
Sonora,26,2019,7,3037752,2019-07-01
Sonora,26,2019,8,3040858.8475115737,2019-08-01
Sonora,26,2019,9,3043961.238425926,2019-09-01
Sonora,26,2019,10,3047059.1953125,2019-10-01
Sonora,26,2019,11,3050152.7407407407,2019-11-01
Sonora,26,2019,12,3053241.8972800924,2019-12-01
Tabasco,27,2015,1,2410135.4375,2015-01-01
Tabasco,27,2015,2,2412850.925636574,2015-02-01
Tabasco,27,2015,3,2415556.3703703703,2015-03-01
Tabasco,27,2015,4,2418251.3359375,2015-04-01
Tabasco,27,2015,5,2420935.386574074,2015-05-01
Tabasco,27,2015,6,2423608.0865162034,2015-06-01
Tabasco,27,2015,7,2426269,2015-07-01
Tabasco,27,2015,8,2428918.75,2015-08-01
Tabasco,27,2015,9,2431558.2083333335,2015-09-01
Tabasco,27,2015,10,2434187.3125,2015-10-01
Tabasco,27,2015,11,2436805.9999999995,2015-11-01
Tabasco,27,2015,12,2439414.2083333335,2015-12-01
Tabasco,27,2016,1,2442011.875,2016-01-01
Tabasco,27,2016,2,2444598.9375,2016-02-01
Tabasco,27,2016,3,2447175.3333333335,2016-03-01
Tabasco,27,2016,4,2449741,2016-04-01
Tabasco,27,2016,5,2452295.875,2016-05-01
Tabasco,27,2016,6,2454839.8958333335,2016-06-01
Tabasco,27,2016,7,2457373,2016-07-01
Tabasco,27,2016,8,2459892.141203704,2016-08-01
Tabasco,27,2016,9,2462395.449074074,2016-09-01
Tabasco,27,2016,10,2464884.625,2016-10-01
Tabasco,27,2016,11,2467361.3703703703,2016-11-01
Tabasco,27,2016,12,2469827.3865740737,2016-12-01
Tabasco,27,2017,1,2472284.375,2017-01-01
Tabasco,27,2017,2,2474734.037037037,2017-02-01
Tabasco,27,2017,3,2477178.0740740737,2017-03-01
Tabasco,27,2017,4,2479618.1875,2017-04-01
Tabasco,27,2017,5,2482056.078703704,2017-05-01
Tabasco,27,2017,6,2484493.449074074,2017-06-01
Tabasco,27,2017,7,2486932,2017-07-01
Tabasco,27,2017,8,2489369.6924189813,2017-08-01
Tabasco,27,2017,9,2491803.372685185,2017-09-01
Tabasco,27,2017,10,2494233.0703125,2017-10-01
Tabasco,27,2017,11,2496658.814814815,2017-11-01
Tabasco,27,2017,12,2499080.635706018,2017-12-01
Tabasco,27,2018,1,2501498.5625,2018-01-01
Tabasco,27,2018,2,2503912.6247106483,2018-02-01
Tabasco,27,2018,3,2506322.8518518517,2018-03-01
Tabasco,27,2018,4,2508729.2734375,2018-04-01
Tabasco,27,2018,5,2511131.9189814813,2018-05-01
Tabasco,27,2018,6,2513530.817997685,2018-06-01
Tabasco,27,2018,7,2515926,2018-07-01
Tabasco,27,2018,8,2518317.3764467593,2018-08-01
Tabasco,27,2018,9,2520704.858796296,2018-09-01
Tabasco,27,2018,10,2523088.4765625,2018-10-01
Tabasco,27,2018,11,2525468.259259259,2018-11-01
Tabasco,27,2018,12,2527844.2364004627,2018-12-01
Tabasco,27,2019,1,2530216.4375,2019-01-01
Tabasco,27,2019,2,2532584.8920717593,2019-02-01
Tabasco,27,2019,3,2534949.6296296297,2019-03-01
Tabasco,27,2019,4,2537310.6796875,2019-04-01
Tabasco,27,2019,5,2539668.0717592593,2019-05-01
Tabasco,27,2019,6,2542021.835358796,2019-06-01
Tabasco,27,2019,7,2544372,2019-07-01
Tabasco,27,2019,8,2546718.572627315,2019-08-01
Tabasco,27,2019,9,2549061.525462963,2019-09-01
Tabasco,27,2019,10,2551400.8359375,2019-10-01
Tabasco,27,2019,11,2553736.4814814813,2019-11-01
Tabasco,27,2019,12,2556068.439525463,2019-12-01
Tamaulipas,28,2015,1,3478458.5,2015-01-01
Tamaulipas,28,2015,2,3481174.3501157407,2015-02-01
Tamaulipas,28,2015,3,3483883.703703704,2015-03-01
Tamaulipas,28,2015,4,3486589.703125,2015-04-01
Tamaulipas,28,2015,5,3489295.4907407407,2015-05-01
Tamaulipas,28,2015,6,3492004.2089120373,2015-06-01
Tamaulipas,28,2015,7,3494719,2015-07-01
Tamaulipas,28,2015,8,3497435.3640046297,2015-08-01
Tamaulipas,28,2015,9,3500147.00925926,2015-09-01
Tamaulipas,28,2015,10,3502854.390625,2015-10-01
Tamaulipas,28,2015,11,3505557.9629629627,2015-11-01
Tamaulipas,28,2015,12,3508258.18113426,2015-12-01
Tamaulipas,28,2016,1,3510955.5,2016-01-01
Tamaulipas,28,2016,2,3513650.374421296,2016-02-01
Tamaulipas,28,2016,3,3516343.25925926,2016-03-01
Tamaulipas,28,2016,4,3519034.609375,2016-04-01
Tamaulipas,28,2016,5,3521724.8796296297,2016-05-01
Tamaulipas,28,2016,6,3524414.52488426,2016-06-01
Tamaulipas,28,2016,7,3527104,2016-07-01
Tamaulipas,28,2016,8,3529795.081886574,2016-08-01
Tamaulipas,28,2016,9,3532488.405092592,2016-09-01
Tamaulipas,28,2016,10,3535182.7109375,2016-10-01
Tamaulipas,28,2016,11,3537876.7407407407,2016-11-01
Tamaulipas,28,2016,12,3540569.235821759,2016-12-01
Tamaulipas,28,2017,1,3543258.9375,2017-01-01
Tamaulipas,28,2017,2,3545944.587094907,2017-02-01
Tamaulipas,28,2017,3,3548624.925925926,2017-03-01
Tamaulipas,28,2017,4,3551298.6953125,2017-04-01
Tamaulipas,28,2017,5,3553964.636574074,2017-05-01
Tamaulipas,28,2017,6,3556621.4910300924,2017-06-01
Tamaulipas,28,2017,7,3559268,2017-07-01
Tamaulipas,28,2017,8,3561905.1481481483,2017-08-01
Tamaulipas,28,2017,9,3564534.935185185,2017-09-01
Tamaulipas,28,2017,10,3567157.625,2017-10-01
Tamaulipas,28,2017,11,3569773.481481482,2017-11-01
Tamaulipas,28,2017,12,3572382.7685185187,2017-12-01
Tamaulipas,28,2018,1,3574985.75,2018-01-01
Tamaulipas,28,2018,2,3577582.689814815,2018-02-01
Tamaulipas,28,2018,3,3580173.851851852,2018-03-01
Tamaulipas,28,2018,4,3582759.5,2018-04-01
Tamaulipas,28,2018,5,3585339.8981481483,2018-05-01
Tamaulipas,28,2018,6,3587915.310185185,2018-06-01
Tamaulipas,28,2018,7,3590486,2018-07-01
Tamaulipas,28,2018,8,3593051.4623842593,2018-08-01
Tamaulipas,28,2018,9,3595611.087962963,2018-09-01
Tamaulipas,28,2018,10,3598164.984375,2018-10-01
Tamaulipas,28,2018,11,3600713.2592592593,2018-11-01
Tamaulipas,28,2018,12,3603256.02025463,2018-12-01
Tamaulipas,28,2019,1,3605793.375,2019-01-01
Tamaulipas,28,2019,2,3608325.4311342593,2019-02-01
Tamaulipas,28,2019,3,3610852.2962962966,2019-03-01
Tamaulipas,28,2019,4,3613374.078125,2019-04-01
Tamaulipas,28,2019,5,3615890.8842592593,2019-05-01
Tamaulipas,28,2019,6,3618402.822337963,2019-06-01
Tamaulipas,28,2019,7,3620910,2019-07-01
Tamaulipas,28,2019,8,3623412.0975115737,2019-08-01
Tamaulipas,28,2019,9,3625908.7939814813,2019-09-01
Tamaulipas,28,2019,10,3628400.1953125,2019-10-01
Tamaulipas,28,2019,11,3630886.407407407,2019-11-01
Tamaulipas,28,2019,12,3633367.5361689813,2019-12-01
Tlaxcala,29,2015,1,1284654.3125,2015-01-01
Tlaxcala,29,2015,2,1286451.5766782407,2015-02-01
Tlaxcala,29,2015,3,1288236.3703703703,2015-03-01
Tlaxcala,29,2015,4,1290005.8515625,2015-04-01
Tlaxcala,29,2015,5,1291757.1782407407,2015-05-01
Tlaxcala,29,2015,6,1293487.5083912036,2015-06-01
Tlaxcala,29,2015,7,1295194,2015-07-01
Tlaxcala,29,2015,8,1296880.1565393517,2015-08-01
Tlaxcala,29,2015,9,1298551.3078703706,2015-09-01
Tlaxcala,29,2015,10,1300207.3515625,2015-10-01
Tlaxcala,29,2015,11,1301848.1851851852,2015-11-01
Tlaxcala,29,2015,12,1303473.7063078703,2015-12-01
Tlaxcala,29,2016,1,1305083.8125,2016-01-01
Tlaxcala,29,2016,2,1306678.4013310184,2016-02-01
Tlaxcala,29,2016,3,1308257.3703703703,2016-03-01
Tlaxcala,29,2016,4,1309820.6171875,2016-04-01
Tlaxcala,29,2016,5,1311368.0393518517,2016-05-01
Tlaxcala,29,2016,6,1312899.5344328703,2016-06-01
Tlaxcala,29,2016,7,1314415,2016-07-01
Tlaxcala,29,2016,8,1315908.6131365744,2016-08-01
Tlaxcala,29,2016,9,1317376.7800925926,2016-09-01
Tlaxcala,29,2016,10,1318822.7421875,2016-10-01
Tlaxcala,29,2016,11,1320249.7407407407,2016-11-01
Tlaxcala,29,2016,12,1321661.0170717593,2016-12-01
Tlaxcala,29,2017,1,1323059.8125,2017-01-01
Tlaxcala,29,2017,2,1324449.3683449074,2017-02-01
Tlaxcala,29,2017,3,1325832.925925926,2017-03-01
Tlaxcala,29,2017,4,1327213.7265625,2017-04-01
Tlaxcala,29,2017,5,1328595.0115740742,2017-05-01
Tlaxcala,29,2017,6,1329980.0222800926,2017-06-01
Tlaxcala,29,2017,7,1331372,2017-07-01
Tlaxcala,29,2017,8,1332766.997685185,2017-08-01
Tlaxcala,29,2017,9,1334158.9675925926,2017-09-01
Tlaxcala,29,2017,10,1335548,2017-10-01
Tlaxcala,29,2017,11,1336934.1851851852,2017-11-01
Tlaxcala,29,2017,12,1338317.613425926,2017-12-01
Tlaxcala,29,2018,1,1339698.375,2018-01-01
Tlaxcala,29,2018,2,1341076.5601851852,2018-02-01
Tlaxcala,29,2018,3,1342452.2592592593,2018-03-01
Tlaxcala,29,2018,4,1343825.5625,2018-04-01
Tlaxcala,29,2018,5,1345196.5601851852,2018-05-01
Tlaxcala,29,2018,6,1346565.3425925926,2018-06-01
Tlaxcala,29,2018,7,1347932,2018-07-01
Tlaxcala,29,2018,8,1349296.4461805557,2018-08-01
Tlaxcala,29,2018,9,1350658.5277777778,2018-09-01
Tlaxcala,29,2018,10,1352018.234375,2018-10-01
Tlaxcala,29,2018,11,1353375.5555555555,2018-11-01
Tlaxcala,29,2018,12,1354730.4809027778,2018-12-01
Tlaxcala,29,2019,1,1356083,2019-01-01
Tlaxcala,29,2019,2,1357433.1024305557,2019-02-01
Tlaxcala,29,2019,3,1358780.7777777778,2019-03-01
Tlaxcala,29,2019,4,1360126.015625,2019-04-01
Tlaxcala,29,2019,5,1361468.8055555555,2019-05-01
Tlaxcala,29,2019,6,1362809.1371527778,2019-06-01
Tlaxcala,29,2019,7,1364147,2019-07-01
Tlaxcala,29,2019,8,1365482.339409722,2019-08-01
Tlaxcala,29,2019,9,1366815.1319444445,2019-09-01
Tlaxcala,29,2019,10,1368145.4140625,2019-10-01
Tlaxcala,29,2019,11,1369473.222222222,2019-11-01
Tlaxcala,29,2019,12,1370798.5928819445,2019-12-01
Veracruz,30,2015,1,8197323.625,2015-01-01
Veracruz,30,2015,2,8204919.351273148,2015-02-01
Veracruz,30,2015,3,8212427.962962962,2015-03-01
Veracruz,30,2015,4,8219832.296875,2015-04-01
Veracruz,30,2015,5,8227115.189814815,2015-05-01
Veracruz,30,2015,6,8234259.478587963,2015-06-01
Veracruz,30,2015,7,8241248,2015-07-01
Veracruz,30,2015,8,8248100.660011574,2015-08-01
Veracruz,30,2015,9,8254848.849537037,2015-09-01
Veracruz,30,2015,10,8261492.6328125,2015-10-01
Veracruz,30,2015,11,8268032.074074073,2015-11-01
Veracruz,30,2015,12,8274467.23755787,2015-12-01
Veracruz,30,2016,1,8280798.1875,2016-01-01
Veracruz,30,2016,2,8287024.988136574,2016-02-01
Veracruz,30,2016,3,8293147.703703703,2016-03-01
Veracruz,30,2016,4,8299166.3984375,2016-04-01
Veracruz,30,2016,5,8305081.136574074,2016-05-01
Veracruz,30,2016,6,8310891.982349536,2016-06-01
Veracruz,30,2016,7,8316599,2016-07-01
Veracruz,30,2016,8,8322164.559895834,2016-08-01
Veracruz,30,2016,9,8327564.645833334,2016-09-01
Veracruz,30,2016,10,8332819.7421875,2016-10-01
Veracruz,30,2016,11,8337950.333333334,2016-11-01
Veracruz,30,2016,12,8342976.903645834,2016-12-01
Veracruz,30,2017,1,8347919.9375,2017-01-01
Veracruz,30,2017,2,8352799.919270834,2017-02-01
Veracruz,30,2017,3,8357637.333333334,2017-03-01
Veracruz,30,2017,4,8362452.6640625,2017-04-01
Veracruz,30,2017,5,8367266.395833334,2017-05-01
Veracruz,30,2017,6,8372099.013020834,2017-06-01
Veracruz,30,2017,7,8376971,2017-07-01
Veracruz,30,2017,8,8381857.592592592,2017-08-01
Veracruz,30,2017,9,8386720.685185185,2017-09-01
Veracruz,30,2017,10,8391560.75,2017-10-01
Veracruz,30,2017,11,8396378.25925926,2017-11-01
Veracruz,30,2017,12,8401173.685185185,2017-12-01
Veracruz,30,2018,1,8405947.5,2018-01-01
Veracruz,30,2018,2,8410700.175925925,2018-02-01
Veracruz,30,2018,3,8415432.185185185,2018-03-01
Veracruz,30,2018,4,8420144,2018-04-01
Veracruz,30,2018,5,8424836.092592593,2018-05-01
Veracruz,30,2018,6,8429508.935185185,2018-06-01
Veracruz,30,2018,7,8434163,2018-07-01
Veracruz,30,2018,8,8438797.611979166,2018-08-01
Veracruz,30,2018,9,8443411.82638889,2018-09-01
Veracruz,30,2018,10,8448005.7109375,2018-10-01
Veracruz,30,2018,11,8452579.333333332,2018-11-01
Veracruz,30,2018,12,8457132.761284722,2018-12-01
Veracruz,30,2019,1,8461666.0625,2019-01-01
Veracruz,30,2019,2,8466179.3046875,2019-02-01
Veracruz,30,2019,3,8470672.555555554,2019-03-01
Veracruz,30,2019,4,8475145.8828125,2019-04-01
Veracruz,30,2019,5,8479599.354166666,2019-05-01
Veracruz,30,2019,6,8484033.037326388,2019-06-01
Veracruz,30,2019,7,8488447,2019-07-01
Veracruz,30,2019,8,8492840.969039353,2019-08-01
Veracruz,30,2019,9,8497214.69675926,2019-09-01
Veracruz,30,2019,10,8501568.2890625,2019-10-01
Veracruz,30,2019,11,8505901.85185185,2019-11-01
Veracruz,30,2019,12,8510215.491030093,2019-12-01
Yucatán,31,2015,1,2114947.5625,2015-01-01
Yucatán,31,2015,2,2117271.749710648,2015-02-01
Yucatán,31,2015,3,2119588.9629629627,2015-03-01
Yucatán,31,2015,4,2121899.8984375,2015-04-01
Yucatán,31,2015,5,2124205.252314815,2015-05-01
Yucatán,31,2015,6,2126505.7207754627,2015-06-01
Yucatán,31,2015,7,2128802,2015-07-01
Yucatán,31,2015,8,2131092.657118056,2015-08-01
Yucatán,31,2015,9,2133376.0208333335,2015-09-01
Yucatán,31,2015,10,2135652.4296875,2015-10-01
Yucatán,31,2015,11,2137922.222222222,2015-11-01
Yucatán,31,2015,12,2140185.736979167,2015-12-01
Yucatán,31,2016,1,2142443.3125,2016-01-01
Yucatán,31,2016,2,2144695.2873263885,2016-02-01
Yucatán,31,2016,3,2146942,2016-03-01
Yucatán,31,2016,4,2149183.7890625,2016-04-01
Yucatán,31,2016,5,2151420.9930555555,2016-05-01
Yucatán,31,2016,6,2153653.9505208335,2016-06-01
Yucatán,31,2016,7,2155883,2016-07-01
Yucatán,31,2016,8,2158106.7343749995,2016-08-01
Yucatán,31,2016,9,2160323.888888889,2016-09-01
Yucatán,31,2016,10,2162535.015625,2016-10-01
Yucatán,31,2016,11,2164740.666666667,2016-11-01
Yucatán,31,2016,12,2166941.394097222,2016-12-01
Yucatán,31,2017,1,2169137.75,2017-01-01
Yucatán,31,2017,2,2171330.2864583335,2017-02-01
Yucatán,31,2017,3,2173519.5555555555,2017-03-01
Yucatán,31,2017,4,2175706.109375,2017-04-01
Yucatán,31,2017,5,2177890.5,2017-05-01
Yucatán,31,2017,6,2180073.279513889,2017-06-01
Yucatán,31,2017,7,2182255,2017-07-01
Yucatán,31,2017,8,2184434.8900462966,2017-08-01
Yucatán,31,2017,9,2186611.856481482,2017-09-01
Yucatán,31,2017,10,2188785.96875,2017-10-01
Yucatán,31,2017,11,2190957.296296296,2017-11-01
Yucatán,31,2017,12,2193125.908564815,2017-12-01
Yucatán,31,2018,1,2195291.875,2018-01-01
Yucatán,31,2018,2,2197455.2650462966,2018-02-01
Yucatán,31,2018,3,2199616.1481481483,2018-03-01
Yucatán,31,2018,4,2201774.59375,2018-04-01
Yucatán,31,2018,5,2203930.671296296,2018-05-01
Yucatán,31,2018,6,2206084.4502314813,2018-06-01
Yucatán,31,2018,7,2208236,2018-07-01
Yucatán,31,2018,8,2210385.38917824,2018-08-01
Yucatán,31,2018,9,2212532.5856481483,2018-09-01
Yucatán,31,2018,10,2214677.5078125,2018-10-01
Yucatán,31,2018,11,2216820.0740740737,2018-11-01
Yucatán,31,2018,12,2218960.2028356483,2018-12-01
Yucatán,31,2019,1,2221097.8125,2019-01-01
Yucatán,31,2019,2,2223232.821469907,2019-02-01
Yucatán,31,2019,3,2225365.1481481483,2019-03-01
Yucatán,31,2019,4,2227494.7109375,2019-04-01
Yucatán,31,2019,5,2229621.4282407407,2019-05-01
Yucatán,31,2019,6,2231745.2184606483,2019-06-01
Yucatán,31,2019,7,2233866,2019-07-01
Yucatán,31,2019,8,2235983.8330439813,2019-08-01
Yucatán,31,2019,9,2238098.8449074076,2019-09-01
Yucatán,31,2019,10,2240211.0546875,2019-10-01
Yucatán,31,2019,11,2242320.4814814813,2019-11-01
Yucatán,31,2019,12,2244427.144386574,2019-12-01
Zacatecas,32,2015,1,1593412.4375,2015-01-01
Zacatecas,32,2015,2,1594829.6848958335,2015-02-01
Zacatecas,32,2015,3,1596234.6666666667,2015-03-01
Zacatecas,32,2015,4,1597625.8359375,2015-04-01
Zacatecas,32,2015,5,1599001.6458333333,2015-05-01
Zacatecas,32,2015,6,1600360.5494791667,2015-06-01
Zacatecas,32,2015,7,1601701,2015-07-01
Zacatecas,32,2015,8,1603024.3914930555,2015-08-01
Zacatecas,32,2015,9,1604333.298611111,2015-09-01
Zacatecas,32,2015,10,1605627.9453125,2015-10-01
Zacatecas,32,2015,11,1606908.5555555553,2015-11-01
Zacatecas,32,2015,12,1608175.3532986112,2015-12-01
Zacatecas,32,2016,1,1609428.5625,2016-01-01
Zacatecas,32,2016,2,1610668.4071180555,2016-02-01
Zacatecas,32,2016,3,1611895.1111111112,2016-03-01
Zacatecas,32,2016,4,1613108.8984375,2016-04-01
Zacatecas,32,2016,5,1614309.9930555555,2016-05-01
Zacatecas,32,2016,6,1615498.618923611,2016-06-01
Zacatecas,32,2016,7,1616675,2016-07-01
Zacatecas,32,2016,8,1617834.594039352,2016-08-01
Zacatecas,32,2016,9,1618974.2662037036,2016-09-01
Zacatecas,32,2016,10,1620096.3515625,2016-10-01
Zacatecas,32,2016,11,1621203.1851851854,2016-11-01
Zacatecas,32,2016,12,1622297.1021412036,2016-12-01
Zacatecas,32,2017,1,1623380.4375,2017-01-01
Zacatecas,32,2017,2,1624455.5263310184,2017-02-01
Zacatecas,32,2017,3,1625524.7037037036,2017-03-01
Zacatecas,32,2017,4,1626590.3046875,2017-04-01
Zacatecas,32,2017,5,1627654.664351852,2017-05-01
Zacatecas,32,2017,6,1628720.1177662036,2017-06-01
Zacatecas,32,2017,7,1629789,2017-07-01
Zacatecas,32,2017,8,1630858.2016782407,2017-08-01
Zacatecas,32,2017,9,1631923.1967592593,2017-09-01
Zacatecas,32,2017,10,1632984.1953125,2017-10-01
Zacatecas,32,2017,11,1634041.4074074074,2017-11-01
Zacatecas,32,2017,12,1635095.043113426,2017-12-01
Zacatecas,32,2018,1,1636145.3125,2018-01-01
Zacatecas,32,2018,2,1637192.425636574,2018-02-01
Zacatecas,32,2018,3,1638236.5925925926,2018-03-01
Zacatecas,32,2018,4,1639278.0234375,2018-04-01
Zacatecas,32,2018,5,1640316.9282407407,2018-05-01
Zacatecas,32,2018,6,1641353.5170717593,2018-06-01
Zacatecas,32,2018,7,1642388,2018-07-01
Zacatecas,32,2018,8,1643420.0619212962,2018-08-01
Zacatecas,32,2018,9,1644449.2731481483,2018-09-01
Zacatecas,32,2018,10,1645475.671875,2018-10-01
Zacatecas,32,2018,11,1646499.296296296,2018-11-01
Zacatecas,32,2018,12,1647520.1846064816,2018-12-01
Zacatecas,32,2019,1,1648538.375,2019-01-01
Zacatecas,32,2019,2,1649553.9056712964,2019-02-01
Zacatecas,32,2019,3,1650566.8148148146,2019-03-01
Zacatecas,32,2019,4,1651577.140625,2019-04-01
Zacatecas,32,2019,5,1652584.9212962964,2019-05-01
Zacatecas,32,2019,6,1653590.1950231483,2019-06-01
Zacatecas,32,2019,7,1654593,2019-07-01
Zacatecas,32,2019,8,1655593.2152777778,2019-08-01
Zacatecas,32,2019,9,1656590.722222222,2019-09-01
Zacatecas,32,2019,10,1657585.5625,2019-10-01
Zacatecas,32,2019,11,1658577.7777777775,2019-11-01
Zacatecas,32,2019,12,1659567.4097222222,2019-12-01
